date_key,full_date,year,quarter,month,month_name,day,day_of_week,day_name,is_weekend,season
20260301,2026-03-01,2026,Q1,3,March,1,7,Sunday,1,Pre-Monsoon / Summer
20260302,2026-03-02,2026,Q1,3,March,2,1,Monday,0,Pre-Monsoon / Summer
20260303,2026-03-03,2026,Q1,3,March,3,2,Tuesday,0,Pre-Monsoon / Summer
20260304,2026-03-04,2026,Q1,3,March,4,3,Wednesday,0,Pre-Monsoon / Summer
20260305,2026-03-05,2026,Q1,3,March,5,4,Thursday,0,Pre-Monsoon / Summer
20260306,2026-03-06,2026,Q1,3,March,6,5,Friday,0,Pre-Monsoon / Summer
20260307,2026-03-07,2026,Q1,3,March,7,6,Saturday,1,Pre-Monsoon / Summer
20260308,2026-03-08,2026,Q1,3,March,8,7,Sunday,1,Pre-Monsoon / Summer
20260309,2026-03-09,2026,Q1,3,March,9,1,Monday,0,Pre-Monsoon / Summer
20260310,2026-03-10,2026,Q1,3,March,10,2,Tuesday,0,Pre-Monsoon / Summer
20260311,2026-03-11,2026,Q1,3,March,11,3,Wednesday,0,Pre-Monsoon / Summer
20260312,2026-03-12,2026,Q1,3,March,12,4,Thursday,0,Pre-Monsoon / Summer
20260313,2026-03-13,2026,Q1,3,March,13,5,Friday,0,Pre-Monsoon / Summer
20260314,2026-03-14,2026,Q1,3,March,14,6,Saturday,1,Pre-Monsoon / Summer
20260315,2026-03-15,2026,Q1,3,March,15,7,Sunday,1,Pre-Monsoon / Summer
20260316,2026-03-16,2026,Q1,3,March,16,1,Monday,0,Pre-Monsoon / Summer
20260317,2026-03-17,2026,Q1,3,March,17,2,Tuesday,0,Pre-Monsoon / Summer
20260318,2026-03-18,2026,Q1,3,March,18,3,Wednesday,0,Pre-Monsoon / Summer
20260319,2026-03-19,2026,Q1,3,March,19,4,Thursday,0,Pre-Monsoon / Summer
20260320,2026-03-20,2026,Q1,3,March,20,5,Friday,0,Pre-Monsoon / Summer
20260321,2026-03-21,2026,Q1,3,March,21,6,Saturday,1,Pre-Monsoon / Summer
20260322,2026-03-22,2026,Q1,3,March,22,7,Sunday,1,Pre-Monsoon / Summer
20260323,2026-03-23,2026,Q1,3,March,23,1,Monday,0,Pre-Monsoon / Summer
20260324,2026-03-24,2026,Q1,3,March,24,2,Tuesday,0,Pre-Monsoon / Summer
20260325,2026-03-25,2026,Q1,3,March,25,3,Wednesday,0,Pre-Monsoon / Summer
20260326,2026-03-26,2026,Q1,3,March,26,4,Thursday,0,Pre-Monsoon / Summer
20260327,2026-03-27,2026,Q1,3,March,27,5,Friday,0,Pre-Monsoon / Summer
20260328,2026-03-28,2026,Q1,3,March,28,6,Saturday,1,Pre-Monsoon / Summer
20260329,2026-03-29,2026,Q1,3,March,29,7,Sunday,1,Pre-Monsoon / Summer
20260330,2026-03-30,2026,Q1,3,March,30,1,Monday,0,Pre-Monsoon / Summer
20260331,2026-03-31,2026,Q1,3,March,31,2,Tuesday,0,Pre-Monsoon / Summer
20260401,2026-04-01,2026,Q2,4,April,1,3,Wednesday,0,Pre-Monsoon / Summer
20260402,2026-04-02,2026,Q2,4,April,2,4,Thursday,0,Pre-Monsoon / Summer
20260403,2026-04-03,2026,Q2,4,April,3,5,Friday,0,Pre-Monsoon / Summer
20260404,2026-04-04,2026,Q2,4,April,4,6,Saturday,1,Pre-Monsoon / Summer
20260405,2026-04-05,2026,Q2,4,April,5,7,Sunday,1,Pre-Monsoon / Summer
20260406,2026-04-06,2026,Q2,4,April,6,1,Monday,0,Pre-Monsoon / Summer
20260407,2026-04-07,2026,Q2,4,April,7,2,Tuesday,0,Pre-Monsoon / Summer
20260408,2026-04-08,2026,Q2,4,April,8,3,Wednesday,0,Pre-Monsoon / Summer
20260409,2026-04-09,2026,Q2,4,April,9,4,Thursday,0,Pre-Monsoon / Summer
20260410,2026-04-10,2026,Q2,4,April,10,5,Friday,0,Pre-Monsoon / Summer
20260411,2026-04-11,2026,Q2,4,April,11,6,Saturday,1,Pre-Monsoon / Summer
20260412,2026-04-12,2026,Q2,4,April,12,7,Sunday,1,Pre-Monsoon / Summer
20260413,2026-04-13,2026,Q2,4,April,13,1,Monday,0,Pre-Monsoon / Summer
20260414,2026-04-14,2026,Q2,4,April,14,2,Tuesday,0,Pre-Monsoon / Summer
20260415,2026-04-15,2026,Q2,4,April,15,3,Wednesday,0,Pre-Monsoon / Summer
20260416,2026-04-16,2026,Q2,4,April,16,4,Thursday,0,Pre-Monsoon / Summer
20260417,2026-04-17,2026,Q2,4,April,17,5,Friday,0,Pre-Monsoon / Summer
20260418,2026-04-18,2026,Q2,4,April,18,6,Saturday,1,Pre-Monsoon / Summer
20260419,2026-04-19,2026,Q2,4,April,19,7,Sunday,1,Pre-Monsoon / Summer
20260420,2026-04-20,2026,Q2,4,April,20,1,Monday,0,Pre-Monsoon / Summer
20260421,2026-04-21,2026,Q2,4,April,21,2,Tuesday,0,Pre-Monsoon / Summer
20260422,2026-04-22,2026,Q2,4,April,22,3,Wednesday,0,Pre-Monsoon / Summer
20260423,2026-04-23,2026,Q2,4,April,23,4,Thursday,0,Pre-Monsoon / Summer
20260424,2026-04-24,2026,Q2,4,April,24,5,Friday,0,Pre-Monsoon / Summer
20260425,2026-04-25,2026,Q2,4,April,25,6,Saturday,1,Pre-Monsoon / Summer
20260426,2026-04-26,2026,Q2,4,April,26,7,Sunday,1,Pre-Monsoon / Summer
20260427,2026-04-27,2026,Q2,4,April,27,1,Monday,0,Pre-Monsoon / Summer
20260428,2026-04-28,2026,Q2,4,April,28,2,Tuesday,0,Pre-Monsoon / Summer
20260429,2026-04-29,2026,Q2,4,April,29,3,Wednesday,0,Pre-Monsoon / Summer
20260430,2026-04-30,2026,Q2,4,April,30,4,Thursday,0,Pre-Monsoon / Summer
20260501,2026-05-01,2026,Q2,5,May,1,5,Friday,0,Pre-Monsoon / Summer
20260502,2026-05-02,2026,Q2,5,May,2,6,Saturday,1,Pre-Monsoon / Summer
20260503,2026-05-03,2026,Q2,5,May,3,7,Sunday,1,Pre-Monsoon / Summer
20260504,2026-05-04,2026,Q2,5,May,4,1,Monday,0,Pre-Monsoon / Summer
20260505,2026-05-05,2026,Q2,5,May,5,2,Tuesday,0,Pre-Monsoon / Summer
20260506,2026-05-06,2026,Q2,5,May,6,3,Wednesday,0,Pre-Monsoon / Summer
20260507,2026-05-07,2026,Q2,5,May,7,4,Thursday,0,Pre-Monsoon / Summer
20260508,2026-05-08,2026,Q2,5,May,8,5,Friday,0,Pre-Monsoon / Summer
20260509,2026-05-09,2026,Q2,5,May,9,6,Saturday,1,Pre-Monsoon / Summer
20260510,2026-05-10,2026,Q2,5,May,10,7,Sunday,1,Pre-Monsoon / Summer
20260511,2026-05-11,2026,Q2,5,May,11,1,Monday,0,Pre-Monsoon / Summer
20260512,2026-05-12,2026,Q2,5,May,12,2,Tuesday,0,Pre-Monsoon / Summer
20260513,2026-05-13,2026,Q2,5,May,13,3,Wednesday,0,Pre-Monsoon / Summer
20260514,2026-05-14,2026,Q2,5,May,14,4,Thursday,0,Pre-Monsoon / Summer
20260515,2026-05-15,2026,Q2,5,May,15,5,Friday,0,Pre-Monsoon / Summer
20260516,2026-05-16,2026,Q2,5,May,16,6,Saturday,1,Pre-Monsoon / Summer
20260517,2026-05-17,2026,Q2,5,May,17,7,Sunday,1,Pre-Monsoon / Summer
20260518,2026-05-18,2026,Q2,5,May,18,1,Monday,0,Pre-Monsoon / Summer
20260519,2026-05-19,2026,Q2,5,May,19,2,Tuesday,0,Pre-Monsoon / Summer
20260520,2026-05-20,2026,Q2,5,May,20,3,Wednesday,0,Pre-Monsoon / Summer
20260521,2026-05-21,2026,Q2,5,May,21,4,Thursday,0,Pre-Monsoon / Summer
20260522,2026-05-22,2026,Q2,5,May,22,5,Friday,0,Pre-Monsoon / Summer
20260523,2026-05-23,2026,Q2,5,May,23,6,Saturday,1,Pre-Monsoon / Summer
20260524,2026-05-24,2026,Q2,5,May,24,7,Sunday,1,Pre-Monsoon / Summer
20260525,2026-05-25,2026,Q2,5,May,25,1,Monday,0,Pre-Monsoon / Summer
20260526,2026-05-26,2026,Q2,5,May,26,2,Tuesday,0,Pre-Monsoon / Summer
20260527,2026-05-27,2026,Q2,5,May,27,3,Wednesday,0,Pre-Monsoon / Summer
20260528,2026-05-28,2026,Q2,5,May,28,4,Thursday,0,Pre-Monsoon / Summer
20260529,2026-05-29,2026,Q2,5,May,29,5,Friday,0,Pre-Monsoon / Summer
20260530,2026-05-30,2026,Q2,5,May,30,6,Saturday,1,Pre-Monsoon / Summer
20260531,2026-05-31,2026,Q2,5,May,31,7,Sunday,1,Pre-Monsoon / Summer
20260601,2026-06-01,2026,Q2,6,June,1,1,Monday,0,Monsoon / High Humidity
20260602,2026-06-02,2026,Q2,6,June,2,2,Tuesday,0,Monsoon / High Humidity
20260603,2026-06-03,2026,Q2,6,June,3,3,Wednesday,0,Monsoon / High Humidity
20260604,2026-06-04,2026,Q2,6,June,4,4,Thursday,0,Monsoon / High Humidity
20260605,2026-06-05,2026,Q2,6,June,5,5,Friday,0,Monsoon / High Humidity
20260606,2026-06-06,2026,Q2,6,June,6,6,Saturday,1,Monsoon / High Humidity
20260607,2026-06-07,2026,Q2,6,June,7,7,Sunday,1,Monsoon / High Humidity
20260608,2026-06-08,2026,Q2,6,June,8,1,Monday,0,Monsoon / High Humidity
20260609,2026-06-09,2026,Q2,6,June,9,2,Tuesday,0,Monsoon / High Humidity
20260610,2026-06-10,2026,Q2,6,June,10,3,Wednesday,0,Monsoon / High Humidity
20260611,2026-06-11,2026,Q2,6,June,11,4,Thursday,0,Monsoon / High Humidity
20260612,2026-06-12,2026,Q2,6,June,12,5,Friday,0,Monsoon / High Humidity
20260613,2026-06-13,2026,Q2,6,June,13,6,Saturday,1,Monsoon / High Humidity
20260614,2026-06-14,2026,Q2,6,June,14,7,Sunday,1,Monsoon / High Humidity
20260615,2026-06-15,2026,Q2,6,June,15,1,Monday,0,Monsoon / High Humidity
20260616,2026-06-16,2026,Q2,6,June,16,2,Tuesday,0,Monsoon / High Humidity
20260617,2026-06-17,2026,Q2,6,June,17,3,Wednesday,0,Monsoon / High Humidity
20260618,2026-06-18,2026,Q2,6,June,18,4,Thursday,0,Monsoon / High Humidity
20260619,2026-06-19,2026,Q2,6,June,19,5,Friday,0,Monsoon / High Humidity
20260620,2026-06-20,2026,Q2,6,June,20,6,Saturday,1,Monsoon / High Humidity
20260621,2026-06-21,2026,Q2,6,June,21,7,Sunday,1,Monsoon / High Humidity
20260622,2026-06-22,2026,Q2,6,June,22,1,Monday,0,Monsoon / High Humidity
20260623,2026-06-23,2026,Q2,6,June,23,2,Tuesday,0,Monsoon / High Humidity
20260624,2026-06-24,2026,Q2,6,June,24,3,Wednesday,0,Monsoon / High Humidity
20260625,2026-06-25,2026,Q2,6,June,25,4,Thursday,0,Monsoon / High Humidity
20260626,2026-06-26,2026,Q2,6,June,26,5,Friday,0,Monsoon / High Humidity
20260627,2026-06-27,2026,Q2,6,June,27,6,Saturday,1,Monsoon / High Humidity
20260628,2026-06-28,2026,Q2,6,June,28,7,Sunday,1,Monsoon / High Humidity
20260629,2026-06-29,2026,Q2,6,June,29,1,Monday,0,Monsoon / High Humidity
20260630,2026-06-30,2026,Q2,6,June,30,2,Tuesday,0,Monsoon / High Humidity
20260701,2026-07-01,2026,Q3,7,July,1,3,Wednesday,0,Monsoon / High Humidity
20260702,2026-07-02,2026,Q3,7,July,2,4,Thursday,0,Monsoon / High Humidity
20260703,2026-07-03,2026,Q3,7,July,3,5,Friday,0,Monsoon / High Humidity
20260704,2026-07-04,2026,Q3,7,July,4,6,Saturday,1,Monsoon / High Humidity
20260705,2026-07-05,2026,Q3,7,July,5,7,Sunday,1,Monsoon / High Humidity
20260706,2026-07-06,2026,Q3,7,July,6,1,Monday,0,Monsoon / High Humidity
20260707,2026-07-07,2026,Q3,7,July,7,2,Tuesday,0,Monsoon / High Humidity
20260708,2026-07-08,2026,Q3,7,July,8,3,Wednesday,0,Monsoon / High Humidity
20260709,2026-07-09,2026,Q3,7,July,9,4,Thursday,0,Monsoon / High Humidity
20260710,2026-07-10,2026,Q3,7,July,10,5,Friday,0,Monsoon / High Humidity
20260711,2026-07-11,2026,Q3,7,July,11,6,Saturday,1,Monsoon / High Humidity
20260712,2026-07-12,2026,Q3,7,July,12,7,Sunday,1,Monsoon / High Humidity
20260713,2026-07-13,2026,Q3,7,July,13,1,Monday,0,Monsoon / High Humidity
20260714,2026-07-14,2026,Q3,7,July,14,2,Tuesday,0,Monsoon / High Humidity
20260715,2026-07-15,2026,Q3,7,July,15,3,Wednesday,0,Monsoon / High Humidity
20260716,2026-07-16,2026,Q3,7,July,16,4,Thursday,0,Monsoon / High Humidity
20260717,2026-07-17,2026,Q3,7,July,17,5,Friday,0,Monsoon / High Humidity
20260718,2026-07-18,2026,Q3,7,July,18,6,Saturday,1,Monsoon / High Humidity
20260719,2026-07-19,2026,Q3,7,July,19,7,Sunday,1,Monsoon / High Humidity
20260720,2026-07-20,2026,Q3,7,July,20,1,Monday,0,Monsoon / High Humidity
20260721,2026-07-21,2026,Q3,7,July,21,2,Tuesday,0,Monsoon / High Humidity
20260722,2026-07-22,2026,Q3,7,July,22,3,Wednesday,0,Monsoon / High Humidity
20260723,2026-07-23,2026,Q3,7,July,23,4,Thursday,0,Monsoon / High Humidity
20260724,2026-07-24,2026,Q3,7,July,24,5,Friday,0,Monsoon / High Humidity
20260725,2026-07-25,2026,Q3,7,July,25,6,Saturday,1,Monsoon / High Humidity
20260726,2026-07-26,2026,Q3,7,July,26,7,Sunday,1,Monsoon / High Humidity
20260727,2026-07-27,2026,Q3,7,July,27,1,Monday,0,Monsoon / High Humidity
20260728,2026-07-28,2026,Q3,7,July,28,2,Tuesday,0,Monsoon / High Humidity
20260729,2026-07-29,2026,Q3,7,July,29,3,Wednesday,0,Monsoon / High Humidity
20260730,2026-07-30,2026,Q3,7,July,30,4,Thursday,0,Monsoon / High Humidity
20260731,2026-07-31,2026,Q3,7,July,31,5,Friday,0,Monsoon / High Humidity
20260801,2026-08-01,2026,Q3,8,August,1,6,Saturday,1,Monsoon / High Humidity
20260802,2026-08-02,2026,Q3,8,August,2,7,Sunday,1,Monsoon / High Humidity
20260803,2026-08-03,2026,Q3,8,August,3,1,Monday,0,Monsoon / High Humidity
20260804,2026-08-04,2026,Q3,8,August,4,2,Tuesday,0,Monsoon / High Humidity
20260805,2026-08-05,2026,Q3,8,August,5,3,Wednesday,0,Monsoon / High Humidity
20260806,2026-08-06,2026,Q3,8,August,6,4,Thursday,0,Monsoon / High Humidity
20260807,2026-08-07,2026,Q3,8,August,7,5,Friday,0,Monsoon / High Humidity
20260808,2026-08-08,2026,Q3,8,August,8,6,Saturday,1,Monsoon / High Humidity
20260809,2026-08-09,2026,Q3,8,August,9,7,Sunday,1,Monsoon / High Humidity
20260810,2026-08-10,2026,Q3,8,August,10,1,Monday,0,Monsoon / High Humidity
20260811,2026-08-11,2026,Q3,8,August,11,2,Tuesday,0,Monsoon / High Humidity
20260812,2026-08-12,2026,Q3,8,August,12,3,Wednesday,0,Monsoon / High Humidity
20260813,2026-08-13,2026,Q3,8,August,13,4,Thursday,0,Monsoon / High Humidity
20260814,2026-08-14,2026,Q3,8,August,14,5,Friday,0,Monsoon / High Humidity
20260815,2026-08-15,2026,Q3,8,August,15,6,Saturday,1,Monsoon / High Humidity
20260816,2026-08-16,2026,Q3,8,August,16,7,Sunday,1,Monsoon / High Humidity
20260817,2026-08-17,2026,Q3,8,August,17,1,Monday,0,Monsoon / High Humidity
20260818,2026-08-18,2026,Q3,8,August,18,2,Tuesday,0,Monsoon / High Humidity
20260819,2026-08-19,2026,Q3,8,August,19,3,Wednesday,0,Monsoon / High Humidity
20260820,2026-08-20,2026,Q3,8,August,20,4,Thursday,0,Monsoon / High Humidity
20260821,2026-08-21,2026,Q3,8,August,21,5,Friday,0,Monsoon / High Humidity
20260822,2026-08-22,2026,Q3,8,August,22,6,Saturday,1,Monsoon / High Humidity
20260823,2026-08-23,2026,Q3,8,August,23,7,Sunday,1,Monsoon / High Humidity
20260824,2026-08-24,2026,Q3,8,August,24,1,Monday,0,Monsoon / High Humidity
20260825,2026-08-25,2026,Q3,8,August,25,2,Tuesday,0,Monsoon / High Humidity
20260826,2026-08-26,2026,Q3,8,August,26,3,Wednesday,0,Monsoon / High Humidity
20260827,2026-08-27,2026,Q3,8,August,27,4,Thursday,0,Monsoon / High Humidity
20260828,2026-08-28,2026,Q3,8,August,28,5,Friday,0,Monsoon / High Humidity
20260829,2026-08-29,2026,Q3,8,August,29,6,Saturday,1,Monsoon / High Humidity
