maintenance_id,maintenance_date,timestamp,feeder_id,transformer_id,maintenance_type,priority,cost_usd,downtime_hours,work_order_no,description,technician_lead
MNT_5001,2026-05-09,2026-05-09 04:00:00,FDR_02,TR_01,Corrective / Emergency,Medium,2106.6,3.9,WO-202605-5001,Post-fault inspection & remediation following FLT_OVERCURRENT. Breaker reset and feeder inspected after FLT_OVERCURRENT.,M. Becker (Protection Eng.)
MNT_5002,2026-06-07,2026-06-07 07:00:00,FDR_03,TR_01,Corrective / Emergency,Medium,937.15,4.4,WO-202606-5002,Post-fault inspection & remediation following FLT_UNDERVOLT. Breaker reset and feeder inspected after FLT_UNDERVOLT.,K. Patel (Substation Lead)
MNT_5003,2026-06-18,2026-06-18 03:30:00,FDR_11,TR_04,Corrective / Emergency,Medium,2524.73,3.4,WO-202606-5003,Post-fault inspection & remediation following FLT_OVERCURRENT. Breaker reset and feeder inspected after FLT_OVERCURRENT.,K. Patel (Substation Lead)
MNT_5004,2026-07-03,2026-07-03 06:30:00,FDR_11,TR_04,Corrective / Emergency,Medium,2991.42,3.4,WO-202607-5004,Post-fault inspection & remediation following FLT_TR_OVERLOAD. Breaker reset and feeder inspected after FLT_TR_OVERLOAD.,M. Becker (Protection Eng.)
MNT_5005,2026-07-11,2026-07-11 08:00:00,FDR_02,TR_01,Corrective / Emergency,Medium,1338.82,3.9,WO-202607-5005,Post-fault inspection & remediation following FLT_OVERCURRENT. Breaker reset and feeder inspected after FLT_OVERCURRENT.,K. Patel (Substation Lead)
MNT_5006,2026-07-17,2026-07-17 20:30:00,FDR_12,TR_05,Corrective / Emergency,Medium,1659.35,2.7,WO-202607-5006,Post-fault inspection & remediation following FLT_UNDERVOLT. Breaker reset and feeder inspected after FLT_UNDERVOLT.,M. Becker (Protection Eng.)
MNT_5007,2026-07-27,2026-07-27 01:00:00,FDR_07,TR_03,Corrective / Emergency,Medium,2639.91,4.0,WO-202607-5007,Post-fault inspection & remediation following FLT_TR_OVERLOAD. Breaker reset and feeder inspected after FLT_TR_OVERLOAD.,K. Patel (Substation Lead)
MNT_5008,2026-07-31,2026-07-31 01:30:00,FDR_09,TR_04,Corrective / Emergency,Medium,654.02,3.2,WO-202607-5008,Post-fault inspection & remediation following FLT_OVERCURRENT. Breaker reset and feeder inspected after FLT_OVERCURRENT.,E. Harrison (Sr. Relay Eng.)
MNT_5009,2026-03-06,2026-03-06 10:00:00,SUBSTATION_LEVEL,TR_01,Preventive / Condition Monitoring,Routine,471.24,1.9,WO-PM-202603-5009,"Quarterly DGA oil sampling, bushing cleaning, and OLTC contact check for TR-1 (North Area Primary).",A. Sharma (Transformer Specialist)
MNT_5010,2026-05-25,2026-05-25 10:00:00,SUBSTATION_LEVEL,TR_01,Preventive / Condition Monitoring,Routine,768.55,3.6,WO-PM-202605-5010,"Quarterly DGA oil sampling, bushing cleaning, and OLTC contact check for TR-1 (North Area Primary).",A. Sharma (Transformer Specialist)
MNT_5011,2026-07-24,2026-07-24 10:00:00,SUBSTATION_LEVEL,TR_01,Preventive / Condition Monitoring,Routine,606.45,2.2,WO-PM-202607-5011,"Quarterly DGA oil sampling, bushing cleaning, and OLTC contact check for TR-1 (North Area Primary).",A. Sharma (Transformer Specialist)
MNT_5012,2026-03-23,2026-03-23 10:00:00,SUBSTATION_LEVEL,TR_02,Preventive / Condition Monitoring,Routine,582.59,3.4,WO-PM-202603-5012,"Quarterly DGA oil sampling, bushing cleaning, and OLTC contact check for TR-2 (North Area Commercial/Urban).",A. Sharma (Transformer Specialist)
MNT_5013,2026-05-06,2026-05-06 10:00:00,SUBSTATION_LEVEL,TR_02,Preventive / Condition Monitoring,Routine,519.84,3.4,WO-PM-202605-5013,"Quarterly DGA oil sampling, bushing cleaning, and OLTC contact check for TR-2 (North Area Commercial/Urban).",A. Sharma (Transformer Specialist)
MNT_5014,2026-07-25,2026-07-25 10:00:00,SUBSTATION_LEVEL,TR_02,Preventive / Condition Monitoring,Routine,362.94,2.8,WO-PM-202607-5014,"Quarterly DGA oil sampling, bushing cleaning, and OLTC contact check for TR-2 (North Area Commercial/Urban).",A. Sharma (Transformer Specialist)
MNT_5015,2026-03-21,2026-03-21 10:00:00,SUBSTATION_LEVEL,TR_03,Preventive / Condition Monitoring,Routine,340.52,1.2,WO-PM-202603-5015,"Quarterly DGA oil sampling, bushing cleaning, and OLTC contact check for TR-3 (South Heavy Industrial).",A. Sharma (Transformer Specialist)
MNT_5016,2026-05-08,2026-05-08 10:00:00,SUBSTATION_LEVEL,TR_03,Preventive / Condition Monitoring,Routine,736.58,3.5,WO-PM-202605-5016,"Quarterly DGA oil sampling, bushing cleaning, and OLTC contact check for TR-3 (South Heavy Industrial).",A. Sharma (Transformer Specialist)
MNT_5017,2026-07-07,2026-07-07 10:00:00,SUBSTATION_LEVEL,TR_03,Preventive / Condition Monitoring,Routine,552.73,1.5,WO-PM-202607-5017,"Quarterly DGA oil sampling, bushing cleaning, and OLTC contact check for TR-3 (South Heavy Industrial).",A. Sharma (Transformer Specialist)
MNT_5018,2026-03-12,2026-03-12 10:00:00,SUBSTATION_LEVEL,TR_04,Preventive / Condition Monitoring,Routine,674.57,4.0,WO-PM-202603-5018,"Quarterly DGA oil sampling, bushing cleaning, and OLTC contact check for TR-4 (South Continuous Process).",A. Sharma (Transformer Specialist)
MNT_5019,2026-05-21,2026-05-21 10:00:00,SUBSTATION_LEVEL,TR_04,Preventive / Condition Monitoring,Routine,563.65,1.5,WO-PM-202605-5019,"Quarterly DGA oil sampling, bushing cleaning, and OLTC contact check for TR-4 (South Continuous Process).",A. Sharma (Transformer Specialist)
MNT_5020,2026-07-16,2026-07-16 10:00:00,SUBSTATION_LEVEL,TR_04,Preventive / Condition Monitoring,Routine,800.76,2.2,WO-PM-202607-5020,"Quarterly DGA oil sampling, bushing cleaning, and OLTC contact check for TR-4 (South Continuous Process).",A. Sharma (Transformer Specialist)
MNT_5021,2026-03-15,2026-03-15 10:00:00,SUBSTATION_LEVEL,TR_05,Preventive / Condition Monitoring,Routine,657.34,1.2,WO-PM-202603-5021,"Quarterly DGA oil sampling, bushing cleaning, and OLTC contact check for TR-5 (South Auxiliary & Rural).",A. Sharma (Transformer Specialist)
MNT_5022,2026-05-25,2026-05-25 10:00:00,SUBSTATION_LEVEL,TR_05,Preventive / Condition Monitoring,Routine,638.38,1.2,WO-PM-202605-5022,"Quarterly DGA oil sampling, bushing cleaning, and OLTC contact check for TR-5 (South Auxiliary & Rural).",A. Sharma (Transformer Specialist)
MNT_5023,2026-07-08,2026-07-08 10:00:00,SUBSTATION_LEVEL,TR_05,Preventive / Condition Monitoring,Routine,584.78,2.2,WO-PM-202607-5023,"Quarterly DGA oil sampling, bushing cleaning, and OLTC contact check for TR-5 (South Auxiliary & Rural).",A. Sharma (Transformer Specialist)
