event_id,timestamp,date_key,feeder_id,transformer_id,substation_id,fault_type_id,severity_score,duration_minutes,peak_current_a,voltage_sag_pct,affected_phase,root_cause_category,maintenance_required,resolved_timestamp,resolution_notes
EVT_1001,2026-03-05 20:30:00,20260305,FDR_07,TR_03,SUB_SOUTH,FLT_OVERCURRENT,52.5,60,396.8,6.4,Y-Phase,Transient Tree Branch Contact,0,2026-03-05 21:30:00,Breaker reset and feeder inspected after FLT_OVERCURRENT.
EVT_1002,2026-03-07 02:30:00,20260307,FDR_04,TR_02,SUB_NORTH,FLT_UNDERVOLT,49.3,30,49.0,17.5,All 3-Phases,Cable Joint Stress,0,2026-03-07 03:00:00,Breaker reset and feeder inspected after FLT_UNDERVOLT.
EVT_1003,2026-03-09 18:30:00,20260309,FDR_12,TR_05,SUB_SOUTH,FLT_OVERVOLT,32.7,30,17.4,4.1,All 3-Phases,Industrial Motor Inrush,0,2026-03-09 19:00:00,Breaker reset and feeder inspected after FLT_OVERVOLT.
EVT_1004,2026-03-10 00:30:00,20260310,FDR_09,TR_04,SUB_SOUTH,FLT_EARTH_LEAKAGE,38.5,30,128.4,3.3,Y-Phase,Phase Unbalance Surge,0,2026-03-10 01:00:00,Breaker reset and feeder inspected after FLT_EARTH_LEAKAGE.
EVT_1005,2026-03-10 03:30:00,20260310,FDR_09,TR_04,SUB_SOUTH,FLT_EARTH_LEAKAGE,38.1,30,121.8,3.4,All 3-Phases,Phase Unbalance Surge,0,2026-03-10 04:00:00,Breaker reset and feeder inspected after FLT_EARTH_LEAKAGE.
EVT_1006,2026-03-11 05:30:00,20260311,FDR_05,TR_02,SUB_NORTH,FLT_UNDERVOLT,53.8,30,103.6,15.8,B-Phase,Industrial Motor Inrush,0,2026-03-11 06:00:00,Breaker reset and feeder inspected after FLT_UNDERVOLT.
EVT_1007,2026-03-11 19:00:00,20260311,FDR_10,TR_04,SUB_SOUTH,FLT_OVERVOLT,40.4,30,119.5,4.7,Y-Phase,Industrial Motor Inrush,0,2026-03-11 19:30:00,Breaker reset and feeder inspected after FLT_OVERVOLT.
EVT_1008,2026-03-12 12:30:00,20260312,FDR_12,TR_05,SUB_SOUTH,FLT_IMBALANCE,48.8,30,98.9,7.5,R-Phase,Harmonic Overload,0,2026-03-12 13:00:00,Breaker reset and feeder inspected after FLT_IMBALANCE.
EVT_1009,2026-03-14 14:30:00,20260314,FDR_07,TR_03,SUB_SOUTH,FLT_OVERVOLT,42.3,30,336.9,4.0,All 3-Phases,Harmonic Overload,0,2026-03-14 15:00:00,Breaker reset and feeder inspected after FLT_OVERVOLT.
EVT_1010,2026-03-14 18:30:00,20260314,FDR_02,TR_01,SUB_NORTH,FLT_EARTH_LEAKAGE,41.3,30,196.1,3.9,R-Phase,Cable Joint Stress,0,2026-03-14 19:00:00,Breaker reset and feeder inspected after FLT_EARTH_LEAKAGE.
EVT_1011,2026-03-15 07:30:00,20260315,FDR_07,TR_03,SUB_SOUTH,FLT_OVERVOLT,38.3,30,230.3,3.9,R-Phase,Insulator Flashover,0,2026-03-15 08:00:00,Breaker reset and feeder inspected after FLT_OVERVOLT.
EVT_1012,2026-03-15 23:00:00,20260315,FDR_02,TR_01,SUB_NORTH,FLT_UNDERVOLT,59.7,30,162.8,20.2,Y-Phase,Harmonic Overload,0,2026-03-15 23:30:00,Breaker reset and feeder inspected after FLT_UNDERVOLT.
EVT_1013,2026-03-19 23:00:00,20260319,FDR_06,TR_02,SUB_NORTH,FLT_OVERCURRENT,44.4,30,68.0,8.7,All 3-Phases,Phase Unbalance Surge,0,2026-03-19 23:30:00,Breaker reset and feeder inspected after FLT_OVERCURRENT.
EVT_1014,2026-03-20 12:00:00,20260320,FDR_02,TR_01,SUB_NORTH,FLT_OVERVOLT,50.8,90,215.7,2.6,R-Phase,Harmonic Overload,0,2026-03-20 13:30:00,Breaker reset and feeder inspected after FLT_OVERVOLT.
EVT_1015,2026-03-20 15:00:00,20260320,FDR_12,TR_05,SUB_SOUTH,FLT_EARTH_LEAKAGE,50.3,60,85.0,6.3,Y-Phase,Transient Tree Branch Contact,0,2026-03-20 16:00:00,Breaker reset and feeder inspected after FLT_EARTH_LEAKAGE.
EVT_1016,2026-03-20 18:00:00,20260320,FDR_04,TR_02,SUB_NORTH,FLT_IMBALANCE,45.0,30,268.2,5.3,B-Phase,Industrial Motor Inrush,0,2026-03-20 18:30:00,Breaker reset and feeder inspected after FLT_IMBALANCE.
EVT_1017,2026-03-23 00:00:00,20260323,FDR_05,TR_02,SUB_NORTH,FLT_IMBALANCE,43.4,30,120.2,6.3,B-Phase,Harmonic Overload,0,2026-03-23 00:30:00,Breaker reset and feeder inspected after FLT_IMBALANCE.
EVT_1018,2026-03-24 14:00:00,20260324,FDR_09,TR_04,SUB_SOUTH,FLT_OVERCURRENT,63.2,60,221.9,13.6,All 3-Phases,Insulator Flashover,0,2026-03-24 15:00:00,Breaker reset and feeder inspected after FLT_OVERCURRENT.
EVT_1019,2026-03-24 18:00:00,20260324,FDR_04,TR_02,SUB_NORTH,FLT_IMBALANCE,48.8,60,268.3,4.3,B-Phase,Industrial Motor Inrush,0,2026-03-24 19:00:00,Breaker reset and feeder inspected after FLT_IMBALANCE.
EVT_1020,2026-03-25 09:00:00,20260325,FDR_10,TR_04,SUB_SOUTH,FLT_EQUIP_OVERHEAT,40.2,30,108.1,5.3,R-Phase,Transient Tree Branch Contact,0,2026-03-25 09:30:00,Breaker reset and feeder inspected after FLT_EQUIP_OVERHEAT.
EVT_1021,2026-03-25 15:00:00,20260325,FDR_01,TR_01,SUB_NORTH,FLT_EARTH_LEAKAGE,46.1,30,181.6,6.7,Y-Phase,Transient Tree Branch Contact,0,2026-03-25 15:30:00,Breaker reset and feeder inspected after FLT_EARTH_LEAKAGE.
EVT_1022,2026-03-26 08:30:00,20260326,FDR_07,TR_03,SUB_SOUTH,FLT_TR_OVERLOAD,55.8,30,566.4,8.1,Y-Phase,Industrial Motor Inrush,0,2026-03-26 09:00:00,Breaker reset and feeder inspected after FLT_TR_OVERLOAD.
EVT_1023,2026-03-28 13:30:00,20260328,FDR_08,TR_03,SUB_SOUTH,FLT_UNDERVOLT,55.1,30,268.4,12.3,Y-Phase,Harmonic Overload,0,2026-03-28 14:00:00,Breaker reset and feeder inspected after FLT_UNDERVOLT.
EVT_1024,2026-03-31 11:30:00,20260331,FDR_09,TR_04,SUB_SOUTH,FLT_UNDERVOLT,62.7,60,144.4,17.7,R-Phase,Industrial Motor Inrush,0,2026-03-31 12:30:00,Breaker reset and feeder inspected after FLT_UNDERVOLT.
EVT_1025,2026-04-01 17:00:00,20260401,FDR_11,TR_04,SUB_SOUTH,FLT_OVERCURRENT,56.0,30,268.4,11.4,All 3-Phases,Harmonic Overload,0,2026-04-01 17:30:00,Breaker reset and feeder inspected after FLT_OVERCURRENT.
EVT_1026,2026-04-01 17:30:00,20260401,FDR_02,TR_01,SUB_NORTH,FLT_EARTH_LEAKAGE,45.7,60,204.2,3.0,Y-Phase,Transient Tree Branch Contact,0,2026-04-01 18:30:00,Breaker reset and feeder inspected after FLT_EARTH_LEAKAGE.
EVT_1027,2026-04-02 01:30:00,20260402,FDR_06,TR_02,SUB_NORTH,FLT_IMBALANCE,37.3,30,43.4,5.5,R-Phase,Cable Joint Stress,0,2026-04-02 02:00:00,Breaker reset and feeder inspected after FLT_IMBALANCE.
EVT_1028,2026-04-04 01:00:00,20260404,FDR_10,TR_04,SUB_SOUTH,FLT_OVERCURRENT,48.4,30,156.3,8.8,All 3-Phases,Phase Unbalance Surge,0,2026-04-04 01:30:00,Breaker reset and feeder inspected after FLT_OVERCURRENT.
EVT_1029,2026-04-05 01:30:00,20260405,FDR_07,TR_03,SUB_SOUTH,FLT_OVERVOLT,47.7,90,220.2,3.7,All 3-Phases,Harmonic Overload,0,2026-04-05 03:00:00,Breaker reset and feeder inspected after FLT_OVERVOLT.
EVT_1030,2026-04-05 10:30:00,20260405,FDR_11,TR_04,SUB_SOUTH,FLT_IMBALANCE,58.4,90,224.2,7.5,All 3-Phases,Industrial Motor Inrush,0,2026-04-05 12:00:00,Breaker reset and feeder inspected after FLT_IMBALANCE.
EVT_1031,2026-04-05 16:30:00,20260405,FDR_01,TR_01,SUB_NORTH,FLT_EARTH_LEAKAGE,41.3,30,130.4,5.7,B-Phase,Cable Joint Stress,0,2026-04-05 17:00:00,Breaker reset and feeder inspected after FLT_EARTH_LEAKAGE.
EVT_1032,2026-04-06 03:30:00,20260406,FDR_01,TR_01,SUB_NORTH,FLT_OVERCURRENT,62.1,90,203.6,10.3,All 3-Phases,Harmonic Overload,0,2026-04-06 05:00:00,Breaker reset and feeder inspected after FLT_OVERCURRENT.
EVT_1033,2026-04-06 04:00:00,20260406,FDR_10,TR_04,SUB_SOUTH,FLT_UNDERVOLT,62.7,60,90.0,20.4,R-Phase,Insulator Flashover,0,2026-04-06 05:00:00,Breaker reset and feeder inspected after FLT_UNDERVOLT.
EVT_1034,2026-04-06 17:00:00,20260406,FDR_09,TR_04,SUB_SOUTH,FLT_EQUIP_OVERHEAT,40.6,30,177.3,2.1,B-Phase,Industrial Motor Inrush,0,2026-04-06 17:30:00,Breaker reset and feeder inspected after FLT_EQUIP_OVERHEAT.
EVT_1035,2026-04-09 15:30:00,20260409,FDR_09,TR_04,SUB_SOUTH,FLT_UNDERVOLT,56.4,30,175.5,14.9,B-Phase,Insulator Flashover,0,2026-04-09 16:00:00,Breaker reset and feeder inspected after FLT_UNDERVOLT.
EVT_1036,2026-04-11 21:30:00,20260411,FDR_09,TR_04,SUB_SOUTH,FLT_EARTH_LEAKAGE,44.3,30,154.6,6.4,R-Phase,Cable Joint Stress,0,2026-04-11 22:00:00,Breaker reset and feeder inspected after FLT_EARTH_LEAKAGE.
EVT_1037,2026-04-12 17:00:00,20260412,FDR_04,TR_02,SUB_NORTH,FLT_EQUIP_OVERHEAT,40.6,30,143.6,6.7,R-Phase,Industrial Motor Inrush,0,2026-04-12 17:30:00,Breaker reset and feeder inspected after FLT_EQUIP_OVERHEAT.
EVT_1038,2026-04-12 21:00:00,20260412,FDR_03,TR_01,SUB_NORTH,FLT_EQUIP_OVERHEAT,60.5,120,116.0,5.6,All 3-Phases,Cable Joint Stress,0,2026-04-12 23:00:00,Breaker reset and feeder inspected after FLT_EQUIP_OVERHEAT.
EVT_1039,2026-04-13 09:00:00,20260413,FDR_02,TR_01,SUB_NORTH,FLT_EQUIP_OVERHEAT,48.6,60,194.1,5.8,All 3-Phases,Phase Unbalance Surge,0,2026-04-13 10:00:00,Breaker reset and feeder inspected after FLT_EQUIP_OVERHEAT.
EVT_1040,2026-04-13 16:30:00,20260413,FDR_12,TR_05,SUB_SOUTH,FLT_OVERVOLT,44.9,30,88.7,5.6,All 3-Phases,Transient Tree Branch Contact,0,2026-04-13 17:00:00,Breaker reset and feeder inspected after FLT_OVERVOLT.
EVT_1041,2026-04-14 08:00:00,20260414,FDR_10,TR_04,SUB_SOUTH,FLT_TR_OVERLOAD,56.3,30,259.6,8.5,B-Phase,Phase Unbalance Surge,0,2026-04-14 08:30:00,Breaker reset and feeder inspected after FLT_TR_OVERLOAD.
EVT_1042,2026-04-14 20:00:00,20260414,FDR_12,TR_05,SUB_SOUTH,FLT_TR_OVERLOAD,60.5,60,141.6,7.9,All 3-Phases,Cable Joint Stress,0,2026-04-14 21:00:00,Breaker reset and feeder inspected after FLT_TR_OVERLOAD.
EVT_1043,2026-04-15 05:30:00,20260415,FDR_01,TR_01,SUB_NORTH,FLT_UNDERVOLT,64.1,90,135.2,15.7,B-Phase,Insulator Flashover,0,2026-04-15 07:00:00,Breaker reset and feeder inspected after FLT_UNDERVOLT.
EVT_1044,2026-04-17 13:30:00,20260417,FDR_07,TR_03,SUB_SOUTH,FLT_EARTH_LEAKAGE,49.3,60,425.6,3.0,R-Phase,Phase Unbalance Surge,0,2026-04-17 14:30:00,Breaker reset and feeder inspected after FLT_EARTH_LEAKAGE.
EVT_1045,2026-04-18 03:30:00,20260418,FDR_02,TR_01,SUB_NORTH,FLT_UNDERVOLT,58.0,30,150.3,19.4,Y-Phase,Industrial Motor Inrush,0,2026-04-18 04:00:00,Breaker reset and feeder inspected after FLT_UNDERVOLT.
EVT_1046,2026-04-18 22:30:00,20260418,FDR_10,TR_04,SUB_SOUTH,FLT_EQUIP_OVERHEAT,46.0,60,112.7,5.6,B-Phase,Transient Tree Branch Contact,0,2026-04-18 23:30:00,Breaker reset and feeder inspected after FLT_EQUIP_OVERHEAT.
EVT_1047,2026-04-20 11:30:00,20260420,FDR_12,TR_05,SUB_SOUTH,FLT_OVERVOLT,46.4,30,93.9,6.2,B-Phase,Industrial Motor Inrush,0,2026-04-20 12:00:00,Breaker reset and feeder inspected after FLT_OVERVOLT.
EVT_1048,2026-04-22 02:30:00,20260422,FDR_05,TR_02,SUB_NORTH,FLT_UNDERVOLT,51.4,30,124.1,12.4,R-Phase,Transient Tree Branch Contact,0,2026-04-22 03:00:00,Breaker reset and feeder inspected after FLT_UNDERVOLT.
EVT_1049,2026-04-22 10:30:00,20260422,FDR_04,TR_02,SUB_NORTH,FLT_TR_OVERLOAD,52.6,30,413.0,5.6,All 3-Phases,Transient Tree Branch Contact,0,2026-04-22 11:00:00,Breaker reset and feeder inspected after FLT_TR_OVERLOAD.
EVT_1050,2026-04-22 11:00:00,20260422,FDR_12,TR_05,SUB_SOUTH,FLT_TR_OVERLOAD,57.4,30,141.6,9.4,B-Phase,Harmonic Overload,0,2026-04-22 11:30:00,Breaker reset and feeder inspected after FLT_TR_OVERLOAD.
EVT_1051,2026-04-23 22:30:00,20260423,FDR_09,TR_04,SUB_SOUTH,FLT_OVERVOLT,51.1,90,144.7,4.4,B-Phase,Industrial Motor Inrush,0,2026-04-24 00:00:00,Breaker reset and feeder inspected after FLT_OVERVOLT.
EVT_1052,2026-04-25 22:00:00,20260425,FDR_06,TR_02,SUB_NORTH,FLT_OVERCURRENT,61.0,90,109.4,9.9,R-Phase,Industrial Motor Inrush,0,2026-04-25 23:30:00,Breaker reset and feeder inspected after FLT_OVERCURRENT.
EVT_1053,2026-04-26 21:30:00,20260426,FDR_09,TR_04,SUB_SOUTH,FLT_EARTH_LEAKAGE,49.5,90,154.9,2.6,All 3-Phases,Cable Joint Stress,0,2026-04-26 23:00:00,Breaker reset and feeder inspected after FLT_EARTH_LEAKAGE.
EVT_1054,2026-04-27 21:30:00,20260427,FDR_09,TR_04,SUB_SOUTH,FLT_TR_OVERLOAD,55.6,30,283.2,8.0,Y-Phase,Cable Joint Stress,0,2026-04-27 22:00:00,Breaker reset and feeder inspected after FLT_TR_OVERLOAD.
EVT_1055,2026-04-28 04:00:00,20260428,FDR_03,TR_01,SUB_NORTH,FLT_EARTH_LEAKAGE,40.3,60,46.8,3.9,All 3-Phases,Insulator Flashover,0,2026-04-28 05:00:00,Breaker reset and feeder inspected after FLT_EARTH_LEAKAGE.
EVT_1056,2026-04-28 17:30:00,20260428,FDR_02,TR_01,SUB_NORTH,FLT_TR_OVERLOAD,57.3,30,354.0,9.3,All 3-Phases,Insulator Flashover,0,2026-04-28 18:00:00,Breaker reset and feeder inspected after FLT_TR_OVERLOAD.
EVT_1057,2026-04-29 07:30:00,20260429,FDR_01,TR_01,SUB_NORTH,FLT_TR_OVERLOAD,55.4,30,295.0,7.8,R-Phase,Cable Joint Stress,0,2026-04-29 08:00:00,Breaker reset and feeder inspected after FLT_TR_OVERLOAD.
EVT_1058,2026-04-30 23:00:00,20260430,FDR_06,TR_02,SUB_NORTH,FLT_OVERVOLT,40.4,30,55.4,6.8,R-Phase,Industrial Motor Inrush,0,2026-04-30 23:30:00,Breaker reset and feeder inspected after FLT_OVERVOLT.
EVT_1059,2026-05-03 22:00:00,20260503,FDR_06,TR_02,SUB_NORTH,FLT_TR_OVERLOAD,52.4,30,165.2,5.4,Y-Phase,Industrial Motor Inrush,0,2026-05-03 22:30:00,Breaker reset and feeder inspected after FLT_TR_OVERLOAD.
EVT_1060,2026-05-04 05:00:00,20260504,FDR_11,TR_04,SUB_SOUTH,FLT_TR_OVERLOAD,60.4,60,330.4,7.8,Y-Phase,Transient Tree Branch Contact,0,2026-05-04 06:00:00,Breaker reset and feeder inspected after FLT_TR_OVERLOAD.
EVT_1061,2026-05-04 05:30:00,20260504,FDR_08,TR_03,SUB_SOUTH,FLT_UNDERVOLT,63.5,60,188.1,18.6,All 3-Phases,Insulator Flashover,0,2026-05-04 06:30:00,Breaker reset and feeder inspected after FLT_UNDERVOLT.
EVT_1062,2026-05-04 08:00:00,20260504,FDR_01,TR_01,SUB_NORTH,FLT_UNDERVOLT,50.6,30,154.5,11.8,Y-Phase,Insulator Flashover,0,2026-05-04 08:30:00,Breaker reset and feeder inspected after FLT_UNDERVOLT.
EVT_1063,2026-05-04 12:30:00,20260504,FDR_09,TR_04,SUB_SOUTH,FLT_OVERCURRENT,61.4,30,267.2,13.5,All 3-Phases,Transient Tree Branch Contact,0,2026-05-04 13:00:00,Breaker reset and feeder inspected after FLT_OVERCURRENT.
EVT_1064,2026-05-06 16:00:00,20260506,FDR_12,TR_05,SUB_SOUTH,FLT_EQUIP_OVERHEAT,46.1,30,88.9,6.5,Y-Phase,Transient Tree Branch Contact,0,2026-05-06 16:30:00,Breaker reset and feeder inspected after FLT_EQUIP_OVERHEAT.
EVT_1065,2026-05-07 05:30:00,20260507,FDR_09,TR_04,SUB_SOUTH,FLT_IMBALANCE,39.8,30,129.7,4.3,B-Phase,Cable Joint Stress,0,2026-05-07 06:00:00,Breaker reset and feeder inspected after FLT_IMBALANCE.
EVT_1066,2026-05-07 22:00:00,20260507,FDR_04,TR_02,SUB_NORTH,FLT_OVERCURRENT,49.4,30,222.1,10.6,B-Phase,Harmonic Overload,0,2026-05-07 22:30:00,Breaker reset and feeder inspected after FLT_OVERCURRENT.
EVT_1067,2026-05-08 06:30:00,20260508,FDR_04,TR_02,SUB_NORTH,FLT_EARTH_LEAKAGE,36.6,30,94.4,5.5,B-Phase,Cable Joint Stress,0,2026-05-08 07:00:00,Breaker reset and feeder inspected after FLT_EARTH_LEAKAGE.
EVT_1068,2026-05-08 17:00:00,20260508,FDR_10,TR_04,SUB_SOUTH,FLT_TR_OVERLOAD,60.3,60,259.6,7.7,All 3-Phases,Transient Tree Branch Contact,0,2026-05-08 18:00:00,Breaker reset and feeder inspected after FLT_TR_OVERLOAD.
EVT_1069,2026-05-08 21:00:00,20260508,FDR_02,TR_01,SUB_NORTH,FLT_OVERCURRENT,66.9,90,265.5,13.1,B-Phase,Cable Joint Stress,1,2026-05-08 22:30:00,Breaker reset and feeder inspected after FLT_OVERCURRENT.
EVT_1070,2026-05-09 05:30:00,20260509,FDR_06,TR_02,SUB_NORTH,FLT_EARTH_LEAKAGE,52.7,120,52.3,4.9,R-Phase,Phase Unbalance Surge,0,2026-05-09 07:30:00,Breaker reset and feeder inspected after FLT_EARTH_LEAKAGE.
EVT_1071,2026-05-09 07:30:00,20260509,FDR_04,TR_02,SUB_NORTH,FLT_EARTH_LEAKAGE,35.0,30,46.5,6.1,R-Phase,Industrial Motor Inrush,0,2026-05-09 08:00:00,Breaker reset and feeder inspected after FLT_EARTH_LEAKAGE.
EVT_1072,2026-05-09 19:30:00,20260509,FDR_04,TR_02,SUB_NORTH,FLT_UNDERVOLT,51.6,30,76.6,18.2,B-Phase,Industrial Motor Inrush,0,2026-05-09 20:00:00,Breaker reset and feeder inspected after FLT_UNDERVOLT.
EVT_1073,2026-05-10 00:30:00,20260510,FDR_11,TR_04,SUB_SOUTH,FLT_TR_OVERLOAD,62.0,60,330.4,9.1,R-Phase,Harmonic Overload,0,2026-05-10 01:30:00,Breaker reset and feeder inspected after FLT_TR_OVERLOAD.
EVT_1074,2026-05-11 15:00:00,20260511,FDR_12,TR_05,SUB_SOUTH,FLT_OVERVOLT,47.4,60,87.8,3.7,B-Phase,Insulator Flashover,0,2026-05-11 16:00:00,Breaker reset and feeder inspected after FLT_OVERVOLT.
EVT_1075,2026-05-12 03:00:00,20260512,FDR_12,TR_05,SUB_SOUTH,FLT_EQUIP_OVERHEAT,39.3,60,16.5,5.5,B-Phase,Phase Unbalance Surge,0,2026-05-12 04:00:00,Breaker reset and feeder inspected after FLT_EQUIP_OVERHEAT.
EVT_1076,2026-05-12 13:00:00,20260512,FDR_12,TR_05,SUB_SOUTH,FLT_IMBALANCE,50.5,30,100.5,8.7,R-Phase,Harmonic Overload,0,2026-05-12 13:30:00,Breaker reset and feeder inspected after FLT_IMBALANCE.
EVT_1077,2026-05-13 06:00:00,20260513,FDR_10,TR_04,SUB_SOUTH,FLT_UNDERVOLT,49.5,30,91.5,13.8,R-Phase,Harmonic Overload,0,2026-05-13 06:30:00,Breaker reset and feeder inspected after FLT_UNDERVOLT.
EVT_1078,2026-05-13 18:30:00,20260513,FDR_08,TR_03,SUB_SOUTH,FLT_IMBALANCE,46.1,30,294.0,4.0,All 3-Phases,Harmonic Overload,0,2026-05-13 19:00:00,Breaker reset and feeder inspected after FLT_IMBALANCE.
EVT_1079,2026-05-16 11:00:00,20260516,FDR_11,TR_04,SUB_SOUTH,FLT_OVERCURRENT,53.7,30,256.6,10.1,All 3-Phases,Phase Unbalance Surge,0,2026-05-16 11:30:00,Breaker reset and feeder inspected after FLT_OVERCURRENT.
EVT_1080,2026-05-17 11:00:00,20260517,FDR_04,TR_02,SUB_NORTH,FLT_TR_OVERLOAD,63.5,90,413.0,6.3,Y-Phase,Insulator Flashover,0,2026-05-17 12:30:00,Breaker reset and feeder inspected after FLT_TR_OVERLOAD.
EVT_1081,2026-05-17 11:30:00,20260517,FDR_05,TR_02,SUB_NORTH,FLT_OVERCURRENT,53.5,90,45.7,11.6,R-Phase,Transient Tree Branch Contact,0,2026-05-17 13:00:00,Breaker reset and feeder inspected after FLT_OVERCURRENT.
EVT_1082,2026-05-17 15:30:00,20260517,FDR_09,TR_04,SUB_SOUTH,FLT_OVERVOLT,59.8,120,189.6,4.8,All 3-Phases,Transient Tree Branch Contact,0,2026-05-17 17:30:00,Breaker reset and feeder inspected after FLT_OVERVOLT.
EVT_1083,2026-05-17 16:30:00,20260517,FDR_01,TR_01,SUB_NORTH,FLT_EQUIP_OVERHEAT,43.5,60,146.1,2.6,R-Phase,Phase Unbalance Surge,0,2026-05-17 17:30:00,Breaker reset and feeder inspected after FLT_EQUIP_OVERHEAT.
EVT_1084,2026-05-18 05:30:00,20260518,FDR_09,TR_04,SUB_SOUTH,FLT_UNDERVOLT,50.9,30,114.7,14.0,All 3-Phases,Harmonic Overload,0,2026-05-18 06:00:00,Breaker reset and feeder inspected after FLT_UNDERVOLT.
EVT_1085,2026-05-18 23:00:00,20260518,FDR_01,TR_01,SUB_NORTH,FLT_TR_OVERLOAD,54.3,30,295.0,6.9,Y-Phase,Transient Tree Branch Contact,0,2026-05-18 23:30:00,Breaker reset and feeder inspected after FLT_TR_OVERLOAD.
EVT_1086,2026-05-19 08:00:00,20260519,FDR_06,TR_02,SUB_NORTH,FLT_IMBALANCE,47.5,60,86.1,5.4,All 3-Phases,Insulator Flashover,0,2026-05-19 09:00:00,Breaker reset and feeder inspected after FLT_IMBALANCE.
EVT_1087,2026-05-21 10:00:00,20260521,FDR_03,TR_01,SUB_NORTH,FLT_OVERVOLT,45.4,60,60.0,6.7,B-Phase,Transient Tree Branch Contact,0,2026-05-21 11:00:00,Breaker reset and feeder inspected after FLT_OVERVOLT.
EVT_1088,2026-05-21 16:00:00,20260521,FDR_04,TR_02,SUB_NORTH,FLT_IMBALANCE,52.3,30,320.9,9.0,All 3-Phases,Industrial Motor Inrush,0,2026-05-21 16:30:00,Breaker reset and feeder inspected after FLT_IMBALANCE.
EVT_1089,2026-05-25 01:00:00,20260525,FDR_12,TR_05,SUB_SOUTH,FLT_IMBALANCE,35.4,30,18.3,6.2,All 3-Phases,Insulator Flashover,0,2026-05-25 01:30:00,Breaker reset and feeder inspected after FLT_IMBALANCE.
EVT_1090,2026-05-25 04:30:00,20260525,FDR_12,TR_05,SUB_SOUTH,FLT_IMBALANCE,34.7,30,17.6,5.7,All 3-Phases,Harmonic Overload,0,2026-05-25 05:00:00,Breaker reset and feeder inspected after FLT_IMBALANCE.
EVT_1091,2026-05-26 06:30:00,20260526,FDR_02,TR_01,SUB_NORTH,FLT_IMBALANCE,46.8,30,187.6,8.7,Y-Phase,Phase Unbalance Surge,0,2026-05-26 07:00:00,Breaker reset and feeder inspected after FLT_IMBALANCE.
EVT_1092,2026-05-26 20:00:00,20260526,FDR_07,TR_03,SUB_SOUTH,FLT_EQUIP_OVERHEAT,50.9,90,325.2,3.2,All 3-Phases,Industrial Motor Inrush,0,2026-05-26 21:30:00,Breaker reset and feeder inspected after FLT_EQUIP_OVERHEAT.
EVT_1093,2026-05-27 20:30:00,20260527,FDR_11,TR_04,SUB_SOUTH,FLT_EQUIP_OVERHEAT,45.4,60,119.9,6.3,All 3-Phases,Transient Tree Branch Contact,0,2026-05-27 21:30:00,Breaker reset and feeder inspected after FLT_EQUIP_OVERHEAT.
EVT_1094,2026-05-29 20:00:00,20260529,FDR_07,TR_03,SUB_SOUTH,FLT_OVERVOLT,46.3,60,324.7,3.6,All 3-Phases,Phase Unbalance Surge,0,2026-05-29 21:00:00,Breaker reset and feeder inspected after FLT_OVERVOLT.
EVT_1095,2026-05-30 00:30:00,20260530,FDR_07,TR_03,SUB_SOUTH,FLT_UNDERVOLT,61.4,60,238.3,18.2,Y-Phase,Harmonic Overload,0,2026-05-30 01:30:00,Breaker reset and feeder inspected after FLT_UNDERVOLT.
EVT_1096,2026-05-31 19:30:00,20260531,FDR_11,TR_04,SUB_SOUTH,FLT_TR_OVERLOAD,54.0,30,330.4,6.7,R-Phase,Harmonic Overload,0,2026-05-31 20:00:00,Breaker reset and feeder inspected after FLT_TR_OVERLOAD.
EVT_1097,2026-06-03 02:30:00,20260603,FDR_05,TR_02,SUB_NORTH,FLT_TR_OVERLOAD,52.5,30,236.0,5.5,All 3-Phases,Transient Tree Branch Contact,0,2026-06-03 03:00:00,Breaker reset and feeder inspected after FLT_TR_OVERLOAD.
EVT_1098,2026-06-03 21:00:00,20260603,FDR_03,TR_01,SUB_NORTH,FLT_IMBALANCE,47.5,30,111.1,7.6,All 3-Phases,Phase Unbalance Surge,0,2026-06-03 21:30:00,Breaker reset and feeder inspected after FLT_IMBALANCE.
EVT_1099,2026-06-04 03:30:00,20260604,FDR_11,TR_04,SUB_SOUTH,FLT_TR_OVERLOAD,57.9,30,330.4,9.8,R-Phase,Harmonic Overload,0,2026-06-04 04:00:00,Breaker reset and feeder inspected after FLT_TR_OVERLOAD.
EVT_1100,2026-06-04 12:30:00,20260604,FDR_04,TR_02,SUB_NORTH,FLT_OVERCURRENT,58.0,30,457.0,8.1,All 3-Phases,Phase Unbalance Surge,0,2026-06-04 13:00:00,Breaker reset and feeder inspected after FLT_OVERCURRENT.
EVT_1101,2026-06-04 17:00:00,20260604,FDR_11,TR_04,SUB_SOUTH,FLT_EARTH_LEAKAGE,45.5,30,219.2,5.4,All 3-Phases,Insulator Flashover,0,2026-06-04 17:30:00,Breaker reset and feeder inspected after FLT_EARTH_LEAKAGE.
EVT_1102,2026-06-07 03:00:00,20260607,FDR_03,TR_01,SUB_NORTH,FLT_UNDERVOLT,72.0,120,51.0,20.8,All 3-Phases,Cable Joint Stress,1,2026-06-07 05:00:00,Breaker reset and feeder inspected after FLT_UNDERVOLT.
EVT_1103,2026-06-09 05:00:00,20260609,FDR_09,TR_04,SUB_SOUTH,FLT_EQUIP_OVERHEAT,46.2,60,124.2,5.7,All 3-Phases,Transient Tree Branch Contact,0,2026-06-09 06:00:00,Breaker reset and feeder inspected after FLT_EQUIP_OVERHEAT.
EVT_1104,2026-06-09 17:00:00,20260609,FDR_05,TR_02,SUB_NORTH,FLT_EQUIP_OVERHEAT,45.2,90,33.8,5.8,R-Phase,Harmonic Overload,0,2026-06-09 18:30:00,Breaker reset and feeder inspected after FLT_EQUIP_OVERHEAT.
EVT_1105,2026-06-10 21:30:00,20260610,FDR_10,TR_04,SUB_SOUTH,FLT_TR_OVERLOAD,52.9,30,259.6,5.8,B-Phase,Transient Tree Branch Contact,0,2026-06-10 22:00:00,Breaker reset and feeder inspected after FLT_TR_OVERLOAD.
EVT_1106,2026-06-11 06:00:00,20260611,FDR_10,TR_04,SUB_SOUTH,FLT_OVERVOLT,45.9,90,102.5,2.2,R-Phase,Insulator Flashover,0,2026-06-11 07:30:00,Breaker reset and feeder inspected after FLT_OVERVOLT.
EVT_1107,2026-06-14 08:30:00,20260614,FDR_03,TR_01,SUB_NORTH,FLT_EQUIP_OVERHEAT,42.9,30,95.4,5.4,Y-Phase,Industrial Motor Inrush,0,2026-06-14 09:00:00,Breaker reset and feeder inspected after FLT_EQUIP_OVERHEAT.
EVT_1108,2026-06-16 09:30:00,20260616,FDR_06,TR_02,SUB_NORTH,FLT_OVERVOLT,36.4,30,62.1,2.9,All 3-Phases,Cable Joint Stress,0,2026-06-16 10:00:00,Breaker reset and feeder inspected after FLT_OVERVOLT.
EVT_1109,2026-06-16 15:30:00,20260616,FDR_08,TR_03,SUB_SOUTH,FLT_EARTH_LEAKAGE,47.0,30,291.0,4.9,Y-Phase,Harmonic Overload,0,2026-06-16 16:00:00,Breaker reset and feeder inspected after FLT_EARTH_LEAKAGE.
EVT_1110,2026-06-17 00:00:00,20260617,FDR_10,TR_04,SUB_SOUTH,FLT_IMBALANCE,48.3,60,116.9,7.2,All 3-Phases,Insulator Flashover,0,2026-06-17 01:00:00,Breaker reset and feeder inspected after FLT_IMBALANCE.
EVT_1111,2026-06-17 11:30:00,20260617,FDR_11,TR_04,SUB_SOUTH,FLT_OVERCURRENT,66.3,60,316.8,13.2,All 3-Phases,Insulator Flashover,1,2026-06-17 12:30:00,Breaker reset and feeder inspected after FLT_OVERCURRENT.
EVT_1112,2026-06-17 18:00:00,20260617,FDR_11,TR_04,SUB_SOUTH,FLT_EARTH_LEAKAGE,41.8,30,194.1,3.7,B-Phase,Phase Unbalance Surge,0,2026-06-17 18:30:00,Breaker reset and feeder inspected after FLT_EARTH_LEAKAGE.
EVT_1113,2026-06-18 16:30:00,20260618,FDR_01,TR_01,SUB_NORTH,FLT_OVERVOLT,46.3,30,182.8,6.8,B-Phase,Harmonic Overload,0,2026-06-18 17:00:00,Breaker reset and feeder inspected after FLT_OVERVOLT.
EVT_1114,2026-06-19 08:00:00,20260619,FDR_05,TR_02,SUB_NORTH,FLT_OVERCURRENT,41.1,30,42.8,9.9,Y-Phase,Harmonic Overload,0,2026-06-19 08:30:00,Breaker reset and feeder inspected after FLT_OVERCURRENT.
EVT_1115,2026-06-21 00:00:00,20260621,FDR_09,TR_04,SUB_SOUTH,FLT_EARTH_LEAKAGE,48.7,60,136.9,7.0,B-Phase,Transient Tree Branch Contact,0,2026-06-21 01:00:00,Breaker reset and feeder inspected after FLT_EARTH_LEAKAGE.
EVT_1116,2026-06-23 18:30:00,20260623,FDR_11,TR_04,SUB_SOUTH,FLT_OVERVOLT,51.2,60,201.6,6.9,All 3-Phases,Insulator Flashover,0,2026-06-23 19:30:00,Breaker reset and feeder inspected after FLT_OVERVOLT.
EVT_1117,2026-06-23 20:30:00,20260623,FDR_11,TR_04,SUB_SOUTH,FLT_EQUIP_OVERHEAT,51.0,90,117.4,6.9,All 3-Phases,Insulator Flashover,0,2026-06-23 22:00:00,Breaker reset and feeder inspected after FLT_EQUIP_OVERHEAT.
EVT_1118,2026-06-25 14:00:00,20260625,FDR_08,TR_03,SUB_SOUTH,FLT_OVERVOLT,47.8,30,282.7,5.9,Y-Phase,Cable Joint Stress,0,2026-06-25 14:30:00,Breaker reset and feeder inspected after FLT_OVERVOLT.
EVT_1119,2026-06-26 12:00:00,20260626,FDR_05,TR_02,SUB_NORTH,FLT_UNDERVOLT,60.1,120,32.5,13.8,Y-Phase,Phase Unbalance Surge,0,2026-06-26 14:00:00,Breaker reset and feeder inspected after FLT_UNDERVOLT.
EVT_1120,2026-06-26 18:00:00,20260626,FDR_03,TR_01,SUB_NORTH,FLT_IMBALANCE,40.5,30,71.1,5.8,Y-Phase,Transient Tree Branch Contact,0,2026-06-26 18:30:00,Breaker reset and feeder inspected after FLT_IMBALANCE.
EVT_1121,2026-06-26 21:00:00,20260626,FDR_12,TR_05,SUB_SOUTH,FLT_IMBALANCE,43.4,60,18.8,8.5,B-Phase,Phase Unbalance Surge,0,2026-06-26 22:00:00,Breaker reset and feeder inspected after FLT_IMBALANCE.
EVT_1122,2026-06-29 01:30:00,20260629,FDR_07,TR_03,SUB_SOUTH,FLT_IMBALANCE,53.1,90,288.2,6.1,Y-Phase,Industrial Motor Inrush,0,2026-06-29 03:00:00,Breaker reset and feeder inspected after FLT_IMBALANCE.
EVT_1123,2026-06-29 06:30:00,20260629,FDR_05,TR_02,SUB_NORTH,FLT_TR_OVERLOAD,56.8,30,236.0,8.9,B-Phase,Cable Joint Stress,0,2026-06-29 07:00:00,Breaker reset and feeder inspected after FLT_TR_OVERLOAD.
EVT_1124,2026-06-29 17:30:00,20260629,FDR_04,TR_02,SUB_NORTH,FLT_EQUIP_OVERHEAT,44.1,30,269.1,4.5,B-Phase,Industrial Motor Inrush,0,2026-06-29 18:00:00,Breaker reset and feeder inspected after FLT_EQUIP_OVERHEAT.
EVT_1125,2026-07-01 03:00:00,20260701,FDR_07,TR_03,SUB_SOUTH,FLT_UNDERVOLT,59.2,30,248.7,20.1,All 3-Phases,Insulator Flashover,0,2026-07-01 03:30:00,Breaker reset and feeder inspected after FLT_UNDERVOLT.
EVT_1126,2026-07-01 04:00:00,20260701,FDR_11,TR_04,SUB_SOUTH,FLT_TR_OVERLOAD,52.6,30,330.4,5.6,R-Phase,Industrial Motor Inrush,0,2026-07-01 04:30:00,Breaker reset and feeder inspected after FLT_TR_OVERLOAD.
EVT_1127,2026-07-02 07:30:00,20260702,FDR_11,TR_04,SUB_SOUTH,FLT_TR_OVERLOAD,66.7,90,330.4,8.8,Y-Phase,Phase Unbalance Surge,1,2026-07-02 09:00:00,Breaker reset and feeder inspected after FLT_TR_OVERLOAD.
EVT_1128,2026-07-03 23:30:00,20260703,FDR_05,TR_02,SUB_NORTH,FLT_TR_OVERLOAD,61.4,60,236.0,8.6,All 3-Phases,Cable Joint Stress,0,2026-07-04 00:30:00,Breaker reset and feeder inspected after FLT_TR_OVERLOAD.
EVT_1129,2026-07-04 12:30:00,20260704,FDR_01,TR_01,SUB_NORTH,FLT_EQUIP_OVERHEAT,44.7,60,141.7,3.8,All 3-Phases,Transient Tree Branch Contact,0,2026-07-04 13:30:00,Breaker reset and feeder inspected after FLT_EQUIP_OVERHEAT.
EVT_1130,2026-07-05 13:30:00,20260705,FDR_08,TR_03,SUB_SOUTH,FLT_TR_OVERLOAD,53.5,30,377.6,6.3,R-Phase,Harmonic Overload,0,2026-07-05 14:00:00,Breaker reset and feeder inspected after FLT_TR_OVERLOAD.
EVT_1131,2026-07-05 20:30:00,20260705,FDR_11,TR_04,SUB_SOUTH,FLT_IMBALANCE,40.1,30,125.3,5.8,B-Phase,Cable Joint Stress,0,2026-07-05 21:00:00,Breaker reset and feeder inspected after FLT_IMBALANCE.
EVT_1132,2026-07-06 05:30:00,20260706,FDR_04,TR_02,SUB_NORTH,FLT_TR_OVERLOAD,54.3,30,413.0,6.9,B-Phase,Transient Tree Branch Contact,0,2026-07-06 06:00:00,Breaker reset and feeder inspected after FLT_TR_OVERLOAD.
EVT_1133,2026-07-06 15:00:00,20260706,FDR_04,TR_02,SUB_NORTH,FLT_TR_OVERLOAD,61.1,60,413.0,8.4,All 3-Phases,Transient Tree Branch Contact,0,2026-07-06 16:00:00,Breaker reset and feeder inspected after FLT_TR_OVERLOAD.
EVT_1134,2026-07-06 20:00:00,20260706,FDR_02,TR_01,SUB_NORTH,FLT_EARTH_LEAKAGE,42.6,30,192.3,5.1,B-Phase,Cable Joint Stress,0,2026-07-06 20:30:00,Breaker reset and feeder inspected after FLT_EARTH_LEAKAGE.
EVT_1135,2026-07-09 03:00:00,20260709,FDR_09,TR_04,SUB_SOUTH,FLT_EARTH_LEAKAGE,38.4,30,130.6,3.1,R-Phase,Phase Unbalance Surge,0,2026-07-09 03:30:00,Breaker reset and feeder inspected after FLT_EARTH_LEAKAGE.
EVT_1136,2026-07-10 11:00:00,20260710,FDR_02,TR_01,SUB_NORTH,FLT_OVERCURRENT,67.2,60,352.6,13.3,B-Phase,Phase Unbalance Surge,1,2026-07-10 12:00:00,Breaker reset and feeder inspected after FLT_OVERCURRENT.
EVT_1137,2026-07-10 17:30:00,20260710,FDR_05,TR_02,SUB_NORTH,FLT_UNDERVOLT,48.3,30,31.8,16.4,R-Phase,Industrial Motor Inrush,0,2026-07-10 18:00:00,Breaker reset and feeder inspected after FLT_UNDERVOLT.
EVT_1138,2026-07-13 09:30:00,20260713,FDR_04,TR_02,SUB_NORTH,FLT_EQUIP_OVERHEAT,43.6,30,264.1,4.3,All 3-Phases,Cable Joint Stress,0,2026-07-13 10:00:00,Breaker reset and feeder inspected after FLT_EQUIP_OVERHEAT.
EVT_1139,2026-07-14 03:00:00,20260714,FDR_06,TR_02,SUB_NORTH,FLT_TR_OVERLOAD,61.5,60,165.2,8.7,Y-Phase,Harmonic Overload,0,2026-07-14 04:00:00,Breaker reset and feeder inspected after FLT_TR_OVERLOAD.
EVT_1140,2026-07-15 09:00:00,20260715,FDR_11,TR_04,SUB_SOUTH,FLT_OVERVOLT,43.1,30,183.9,5.3,All 3-Phases,Cable Joint Stress,0,2026-07-15 09:30:00,Breaker reset and feeder inspected after FLT_OVERVOLT.
EVT_1141,2026-07-17 08:30:00,20260717,FDR_07,TR_03,SUB_SOUTH,FLT_EARTH_LEAKAGE,39.2,30,314.4,2.2,B-Phase,Industrial Motor Inrush,0,2026-07-17 09:00:00,Breaker reset and feeder inspected after FLT_EARTH_LEAKAGE.
EVT_1142,2026-07-17 14:30:00,20260717,FDR_12,TR_05,SUB_SOUTH,FLT_UNDERVOLT,70.0,60,89.7,21.5,B-Phase,Transient Tree Branch Contact,1,2026-07-17 15:30:00,Breaker reset and feeder inspected after FLT_UNDERVOLT.
EVT_1143,2026-07-18 02:00:00,20260718,FDR_11,TR_04,SUB_SOUTH,FLT_OVERVOLT,45.7,90,67.4,5.2,R-Phase,Harmonic Overload,0,2026-07-18 03:30:00,Breaker reset and feeder inspected after FLT_OVERVOLT.
EVT_1144,2026-07-18 13:00:00,20260718,FDR_07,TR_03,SUB_SOUTH,FLT_EQUIP_OVERHEAT,40.4,30,337.2,2.5,Y-Phase,Phase Unbalance Surge,0,2026-07-18 13:30:00,Breaker reset and feeder inspected after FLT_EQUIP_OVERHEAT.
EVT_1145,2026-07-20 23:30:00,20260720,FDR_03,TR_01,SUB_NORTH,FLT_IMBALANCE,41.0,30,60.4,7.2,R-Phase,Transient Tree Branch Contact,0,2026-07-21 00:00:00,Breaker reset and feeder inspected after FLT_IMBALANCE.
EVT_1146,2026-07-21 19:00:00,20260721,FDR_09,TR_04,SUB_SOUTH,FLT_IMBALANCE,48.3,30,184.2,7.9,Y-Phase,Industrial Motor Inrush,0,2026-07-21 19:30:00,Breaker reset and feeder inspected after FLT_IMBALANCE.
EVT_1147,2026-07-24 13:00:00,20260724,FDR_08,TR_03,SUB_SOUTH,FLT_OVERVOLT,46.4,30,255.6,5.9,Y-Phase,Transient Tree Branch Contact,0,2026-07-24 13:30:00,Breaker reset and feeder inspected after FLT_OVERVOLT.
EVT_1148,2026-07-26 14:00:00,20260726,FDR_07,TR_03,SUB_SOUTH,FLT_TR_OVERLOAD,70.5,120,566.4,7.9,Y-Phase,Insulator Flashover,1,2026-07-26 16:00:00,Breaker reset and feeder inspected after FLT_TR_OVERLOAD.
EVT_1149,2026-07-27 07:30:00,20260727,FDR_01,TR_01,SUB_NORTH,FLT_EARTH_LEAKAGE,52.7,90,147.1,5.9,R-Phase,Insulator Flashover,0,2026-07-27 09:00:00,Breaker reset and feeder inspected after FLT_EARTH_LEAKAGE.
EVT_1150,2026-07-28 08:00:00,20260728,FDR_10,TR_04,SUB_SOUTH,FLT_IMBALANCE,54.4,90,113.5,8.3,Y-Phase,Industrial Motor Inrush,0,2026-07-28 09:30:00,Breaker reset and feeder inspected after FLT_IMBALANCE.
EVT_1151,2026-07-28 08:30:00,20260728,FDR_03,TR_01,SUB_NORTH,FLT_OVERVOLT,45.6,60,83.2,4.7,Y-Phase,Transient Tree Branch Contact,0,2026-07-28 09:30:00,Breaker reset and feeder inspected after FLT_OVERVOLT.
EVT_1152,2026-07-28 11:30:00,20260728,FDR_05,TR_02,SUB_NORTH,FLT_OVERVOLT,40.0,60,30.4,5.9,Y-Phase,Cable Joint Stress,0,2026-07-28 12:30:00,Breaker reset and feeder inspected after FLT_OVERVOLT.
EVT_1153,2026-07-29 00:30:00,20260729,FDR_02,TR_01,SUB_NORTH,FLT_OVERVOLT,40.6,30,144.7,5.7,R-Phase,Phase Unbalance Surge,0,2026-07-29 01:00:00,Breaker reset and feeder inspected after FLT_OVERVOLT.
EVT_1154,2026-07-29 04:00:00,20260729,FDR_07,TR_03,SUB_SOUTH,FLT_UNDERVOLT,55.9,30,248.8,17.5,All 3-Phases,Cable Joint Stress,0,2026-07-29 04:30:00,Breaker reset and feeder inspected after FLT_UNDERVOLT.
EVT_1155,2026-07-30 07:30:00,20260730,FDR_09,TR_04,SUB_SOUTH,FLT_OVERCURRENT,65.9,90,195.8,13.3,B-Phase,Harmonic Overload,1,2026-07-30 09:00:00,Breaker reset and feeder inspected after FLT_OVERCURRENT.
EVT_1156,2026-07-30 11:00:00,20260730,FDR_11,TR_04,SUB_SOUTH,FLT_UNDERVOLT,57.9,60,202.5,12.2,All 3-Phases,Transient Tree Branch Contact,0,2026-07-30 12:00:00,Breaker reset and feeder inspected after FLT_UNDERVOLT.
EVT_1157,2026-07-30 11:30:00,20260730,FDR_09,TR_04,SUB_SOUTH,FLT_OVERVOLT,50.8,90,154.6,3.6,Y-Phase,Transient Tree Branch Contact,0,2026-07-30 13:00:00,Breaker reset and feeder inspected after FLT_OVERVOLT.
EVT_1158,2026-07-31 04:00:00,20260731,FDR_02,TR_01,SUB_NORTH,FLT_IMBALANCE,41.1,30,158.2,5.5,All 3-Phases,Transient Tree Branch Contact,0,2026-07-31 04:30:00,Breaker reset and feeder inspected after FLT_IMBALANCE.
EVT_1159,2026-08-01 17:00:00,20260801,FDR_11,TR_04,SUB_SOUTH,FLT_OVERCURRENT,53.7,30,321.5,6.9,Y-Phase,Harmonic Overload,0,2026-08-01 17:30:00,Breaker reset and feeder inspected after FLT_OVERCURRENT.
EVT_1160,2026-08-02 21:00:00,20260802,FDR_02,TR_01,SUB_NORTH,FLT_EARTH_LEAKAGE,49.5,90,169.6,3.7,All 3-Phases,Harmonic Overload,0,2026-08-02 22:30:00,Breaker reset and feeder inspected after FLT_EARTH_LEAKAGE.
EVT_1161,2026-08-03 03:00:00,20260803,FDR_01,TR_01,SUB_NORTH,FLT_EARTH_LEAKAGE,48.9,90,124.8,4.1,R-Phase,Insulator Flashover,0,2026-08-03 04:30:00,Breaker reset and feeder inspected after FLT_EARTH_LEAKAGE.
EVT_1162,2026-08-03 04:30:00,20260803,FDR_10,TR_04,SUB_SOUTH,FLT_IMBALANCE,56.5,120,111.3,6.1,B-Phase,Insulator Flashover,0,2026-08-03 06:30:00,Breaker reset and feeder inspected after FLT_IMBALANCE.
EVT_1163,2026-08-03 16:30:00,20260803,FDR_12,TR_05,SUB_SOUTH,FLT_OVERVOLT,55.8,90,84.3,6.8,All 3-Phases,Transient Tree Branch Contact,0,2026-08-03 18:00:00,Breaker reset and feeder inspected after FLT_OVERVOLT.
EVT_1164,2026-08-04 00:30:00,20260804,FDR_09,TR_04,SUB_SOUTH,FLT_EARTH_LEAKAGE,40.0,30,138.2,3.9,Y-Phase,Cable Joint Stress,0,2026-08-04 01:00:00,Breaker reset and feeder inspected after FLT_EARTH_LEAKAGE.
EVT_1165,2026-08-04 06:00:00,20260804,FDR_06,TR_02,SUB_NORTH,FLT_UNDERVOLT,62.7,60,46.5,21.5,B-Phase,Phase Unbalance Surge,0,2026-08-04 07:00:00,Breaker reset and feeder inspected after FLT_UNDERVOLT.
EVT_1166,2026-08-06 02:30:00,20260806,FDR_06,TR_02,SUB_NORTH,FLT_OVERVOLT,37.3,30,40.5,5.8,R-Phase,Insulator Flashover,0,2026-08-06 03:00:00,Breaker reset and feeder inspected after FLT_OVERVOLT.
EVT_1167,2026-08-06 16:30:00,20260806,FDR_11,TR_04,SUB_SOUTH,FLT_EQUIP_OVERHEAT,44.2,30,210.0,4.9,Y-Phase,Industrial Motor Inrush,0,2026-08-06 17:00:00,Breaker reset and feeder inspected after FLT_EQUIP_OVERHEAT.
EVT_1168,2026-08-06 23:00:00,20260806,FDR_07,TR_03,SUB_SOUTH,FLT_UNDERVOLT,51.2,30,255.0,13.5,R-Phase,Insulator Flashover,0,2026-08-06 23:30:00,Breaker reset and feeder inspected after FLT_UNDERVOLT.
EVT_1169,2026-08-07 07:30:00,20260807,FDR_12,TR_05,SUB_SOUTH,FLT_EARTH_LEAKAGE,43.3,30,75.9,5.8,Y-Phase,Harmonic Overload,0,2026-08-07 08:00:00,Breaker reset and feeder inspected after FLT_EARTH_LEAKAGE.
EVT_1170,2026-08-07 16:00:00,20260807,FDR_05,TR_02,SUB_NORTH,FLT_UNDERVOLT,55.1,30,33.5,21.7,R-Phase,Cable Joint Stress,0,2026-08-07 16:30:00,Breaker reset and feeder inspected after FLT_UNDERVOLT.
EVT_1171,2026-08-07 17:00:00,20260807,FDR_01,TR_01,SUB_NORTH,FLT_OVERCURRENT,48.9,30,209.9,7.4,B-Phase,Insulator Flashover,0,2026-08-07 17:30:00,Breaker reset and feeder inspected after FLT_OVERCURRENT.
EVT_1172,2026-08-09 03:00:00,20260809,FDR_12,TR_05,SUB_SOUTH,FLT_IMBALANCE,38.4,60,17.5,4.7,All 3-Phases,Transient Tree Branch Contact,0,2026-08-09 04:00:00,Breaker reset and feeder inspected after FLT_IMBALANCE.
EVT_1173,2026-08-09 18:00:00,20260809,FDR_08,TR_03,SUB_SOUTH,FLT_OVERVOLT,53.0,90,267.7,2.7,R-Phase,Transient Tree Branch Contact,0,2026-08-09 19:30:00,Breaker reset and feeder inspected after FLT_OVERVOLT.
EVT_1174,2026-08-10 00:30:00,20260810,FDR_11,TR_04,SUB_SOUTH,FLT_EARTH_LEAKAGE,34.0,30,65.8,3.9,B-Phase,Cable Joint Stress,0,2026-08-10 01:00:00,Breaker reset and feeder inspected after FLT_EARTH_LEAKAGE.
EVT_1175,2026-08-10 20:30:00,20260810,FDR_02,TR_01,SUB_NORTH,FLT_OVERCURRENT,55.9,30,249.1,13.1,Y-Phase,Industrial Motor Inrush,0,2026-08-10 21:00:00,Breaker reset and feeder inspected after FLT_OVERCURRENT.
EVT_1176,2026-08-12 07:00:00,20260812,FDR_11,TR_04,SUB_SOUTH,FLT_TR_OVERLOAD,57.4,60,330.4,5.4,All 3-Phases,Phase Unbalance Surge,0,2026-08-12 08:00:00,Breaker reset and feeder inspected after FLT_TR_OVERLOAD.
EVT_1177,2026-08-14 03:30:00,20260814,FDR_04,TR_02,SUB_NORTH,FLT_EARTH_LEAKAGE,34.7,30,91.3,4.1,All 3-Phases,Harmonic Overload,0,2026-08-14 04:00:00,Breaker reset and feeder inspected after FLT_EARTH_LEAKAGE.
EVT_1178,2026-08-14 05:30:00,20260814,FDR_02,TR_01,SUB_NORTH,FLT_IMBALANCE,51.9,90,174.7,5.4,R-Phase,Insulator Flashover,0,2026-08-14 07:00:00,Breaker reset and feeder inspected after FLT_IMBALANCE.
EVT_1179,2026-08-14 08:00:00,20260814,FDR_09,TR_04,SUB_SOUTH,FLT_OVERCURRENT,48.2,30,175.3,8.3,All 3-Phases,Cable Joint Stress,0,2026-08-14 08:30:00,Breaker reset and feeder inspected after FLT_OVERCURRENT.
EVT_1180,2026-08-16 03:30:00,20260816,FDR_03,TR_01,SUB_NORTH,FLT_TR_OVERLOAD,59.4,60,177.0,7.0,R-Phase,Transient Tree Branch Contact,0,2026-08-16 04:30:00,Breaker reset and feeder inspected after FLT_TR_OVERLOAD.
EVT_1181,2026-08-16 21:00:00,20260816,FDR_04,TR_02,SUB_NORTH,FLT_UNDERVOLT,60.2,60,68.6,21.4,Y-Phase,Insulator Flashover,0,2026-08-16 22:00:00,Breaker reset and feeder inspected after FLT_UNDERVOLT.
EVT_1182,2026-08-18 02:00:00,20260818,FDR_12,TR_05,SUB_SOUTH,FLT_UNDERVOLT,47.8,60,16.0,12.4,Y-Phase,Cable Joint Stress,0,2026-08-18 03:00:00,Breaker reset and feeder inspected after FLT_UNDERVOLT.
EVT_1183,2026-08-18 07:30:00,20260818,FDR_03,TR_01,SUB_NORTH,FLT_TR_OVERLOAD,54.4,30,177.0,7.0,R-Phase,Harmonic Overload,0,2026-08-18 08:00:00,Breaker reset and feeder inspected after FLT_TR_OVERLOAD.
EVT_1184,2026-08-18 09:30:00,20260818,FDR_12,TR_05,SUB_SOUTH,FLT_OVERCURRENT,61.6,60,101.7,13.4,B-Phase,Cable Joint Stress,0,2026-08-18 10:30:00,Breaker reset and feeder inspected after FLT_OVERCURRENT.
EVT_1185,2026-08-19 08:30:00,20260819,FDR_03,TR_01,SUB_NORTH,FLT_OVERVOLT,38.8,30,81.5,3.4,All 3-Phases,Transient Tree Branch Contact,0,2026-08-19 09:00:00,Breaker reset and feeder inspected after FLT_OVERVOLT.
EVT_1186,2026-08-23 12:00:00,20260823,FDR_03,TR_01,SUB_NORTH,FLT_EARTH_LEAKAGE,54.5,120,52.7,6.7,All 3-Phases,Phase Unbalance Surge,0,2026-08-23 14:00:00,Breaker reset and feeder inspected after FLT_EARTH_LEAKAGE.
EVT_1187,2026-08-23 15:30:00,20260823,FDR_01,TR_01,SUB_NORTH,FLT_OVERCURRENT,53.8,60,221.0,6.7,R-Phase,Industrial Motor Inrush,0,2026-08-23 16:30:00,Breaker reset and feeder inspected after FLT_OVERCURRENT.
EVT_1188,2026-08-23 21:00:00,20260823,FDR_06,TR_02,SUB_NORTH,FLT_IMBALANCE,49.0,30,107.9,8.4,B-Phase,Industrial Motor Inrush,0,2026-08-23 21:30:00,Breaker reset and feeder inspected after FLT_IMBALANCE.
EVT_1189,2026-08-24 15:00:00,20260824,FDR_05,TR_02,SUB_NORTH,FLT_OVERCURRENT,37.9,30,42.6,7.3,R-Phase,Cable Joint Stress,0,2026-08-24 15:30:00,Breaker reset and feeder inspected after FLT_OVERCURRENT.
EVT_1190,2026-08-24 19:00:00,20260824,FDR_10,TR_04,SUB_SOUTH,FLT_OVERCURRENT,52.9,30,165.4,11.8,Y-Phase,Industrial Motor Inrush,0,2026-08-24 19:30:00,Breaker reset and feeder inspected after FLT_OVERCURRENT.
