substation,voltage_level_kv,bus_bar,feeder_id,feeder_tag,description,service,length_m,cable_spec,area_sqmm,resistance_ohm,voltage_v,voltage_deviation_pct,current_r_a,current_y_a,current_b_a,current_avg_a,current_imbalance_pct,power_factor,pf_category,apparent_power_kva,active_power_kw,reactive_power_kvar,conductor_loss_kw,feeder_loss_pct,status
Substation 600-30,6.6,Bus B,FDR_600_30_B1,Feeder B1,BUS PT FOR BUS B,Bus Potential Transformer / Metering,10.0,Control Cable,150.0,0.0021,6630.0,0.45,40.0,40.0,40.0,40.0,0.0,0.95,Excellent (>=0.95),459.34,436.37,143.44,0.0101,0.002,ACTIVE
Substation 600-30,6.6,Bus B,FDR_600_30_B2,Feeder B2,2MVA TR 600-03B AT SUBSTATION 600-30,Step-down Transformer Auxiliary Feeder,48.0,XLPE,150.0,0.0099,6700.0,1.52,50.0,50.0,50.0,50.0,0.0,0.96,Excellent (>=0.95),580.24,557.03,162.47,0.0742,0.013,ACTIVE
Substation 600-30,6.6,Bus B,FDR_600_30_B3,Feeder B3,INCOMER 16MVA FROM TR-600-01B,Main Grid Transformer 16 MVA Incomer,50.0,Bus Duct / Heavy XLPE,400.0,0.0063,6750.0,2.27,190.0,190.0,185.0,188.33,1.77,0.965,Excellent (>=0.95),2201.83,2124.77,577.41,0.6705,0.032,ACTIVE_INCOMER
Substation 600-30,6.6,Bus B,FDR_600_30_B4,Feeder B4,TO 2MVA TR 600-05B AT SUBSTATION 600-31,Step-down TR Feeder to S/S 600-31 (LPG/Naphtha),416.0,XLPE,150.0,0.0857,6620.0,0.3,11.0,11.0,12.0,11.33,5.91,0.94,Acceptable (0.90-0.94),129.91,122.12,44.31,0.0331,0.027,ACTIVE
Substation 600-30,6.6,Bus B,FDR_600_30_B5,Feeder B5,TO 2MVA TR 600-06B AT SUBSTATION 600-32,Step-down TR Feeder to S/S 600-32 (ATF/HSD),450.0,XLPE,150.0,0.0927,6600.0,0.0,5.0,5.0,5.0,5.0,0.0,0.92,Acceptable (0.90-0.94),57.16,52.59,22.4,0.007,0.013,ACTIVE
Substation 600-30,6.6,Bus B,FDR_600_30_B6,Feeder B6,TO 2MVA TR AT SUBSTATION 600-33 ET-RS 652-01B,Transformer Feeder S/S 600-33,600.0,3C XLPE,150.0,0.1236,6600.0,0.0,20.0,20.0,20.0,20.0,0.0,0.95,Excellent (>=0.95),228.63,217.2,71.39,0.1483,0.068,ACTIVE
Substation 600-30,6.6,Bus B,FDR_600_30_B7,Feeder B7,SW BD 600-10B,Switchboard Distribution Feeder,800.0,4C XLPE,240.0,0.1,6610.0,0.15,42.0,37.0,37.0,38.67,8.61,0.93,Acceptable (0.90-0.94),442.73,411.74,162.73,0.4502,0.109,ACTIVE
Substation 600-30,6.6,Bus B,FDR_600_30_B8,Feeder B8,6.6/0.433KV TRANSFORMER ET RS 600-09 AT S/S 600-35,Step-down Distribution Transformer,650.0,XLPE,240.0,0.0813,6620.0,0.3,11.4,9.8,10.5,10.57,7.85,0.94,Acceptable (0.90-0.94),121.2,113.93,41.34,0.0273,0.024,ACTIVE
Substation 600-30,6.6,Bus B,FDR_600_30_B9,Feeder B9,ES JIZ 300-02B AT SUBSTATION 600-38,Industrial Process Supply,800.0,4C XLPE,150.0,0.1648,6620.0,0.3,3.0,3.0,3.0,3.0,0.0,0.9,Acceptable (0.90-0.94),34.4,30.96,14.99,0.0044,0.014,ACTIVE
Substation 600-30,6.6,Bus B,FDR_600_30_B10,Feeder B10,MP RS65/M08 3B OX SHIP LOADING PUMP,Marine Terminal OX Ship Loading Pump Motor,500.0,XLPE,150.0,0.103,6600.0,0.0,0.0,0.0,0.0,0.0,0.0,0.88,Moderate (0.85-0.89),0.0,0.0,0.0,0.0,0.0,OFF_STANDBY
Substation 600-30,6.6,Bus B,FDR_600_30_B11,Feeder B11,GAIL INCOMER -2 HT 201 BUS 2A,GAIL Gas Grid Redundant Incomer 2,520.0,XLPE,150.0,0.1071,6600.0,0.0,0.0,0.0,0.0,0.0,0.0,0.94,Acceptable (0.90-0.94),0.0,0.0,0.0,0.0,0.0,OFF_STANDBY
Substation 600-30,6.6,Bus B,FDR_600_30_B12,Feeder B12,BACKUP FEEDER B12,Substation Switchboard Spare,0.0,None,150.0,0.0,6600.0,0.0,0.0,0.0,0.0,0.0,0.0,1.0,Excellent (>=0.95),0.0,0.0,0.0,0.0,0.0,OFF_SPARE
Substation 600-30,6.6,Bus B,FDR_600_30_B13,Feeder B13,1800-SB-001B CEIL CAIRN INDIA I/C-2,Upstream Crude Transfer Incomer 2,900.0,XLPE,150.0,0.1854,6600.0,0.0,9.6,9.6,9.6,9.6,0.0,0.97,Excellent (>=0.95),109.74,106.45,26.67,0.0513,0.048,ACTIVE
Substation 600-30,6.6,Bus B,FDR_600_30_B14,Feeder B14,MP RW621-M701B RTF VR/VGU MOTOR,Refinery Tank Farm Vapor Recovery Motor,800.0,XLPE,150.0,0.1648,6600.0,0.0,24.1,24.1,24.1,24.1,0.0,0.965,Excellent (>=0.95),275.5,265.86,72.24,0.2872,0.108,ACTIVE
Substation 600-30,6.6,Bus B,FDR_600_30_B15,Feeder B15,MP RW621-M701D RTF VR/VGU MOTOR,Refinery Tank Farm Standby Motor D,800.0,XLPE,150.0,0.1648,6600.0,0.0,0.0,0.0,0.0,0.0,0.0,0.96,Excellent (>=0.95),0.0,0.0,0.0,0.0,0.0,OFF_STANDBY
Substation 600-30,6.6,Bus B,FDR_600_30_B16,Feeder B16,BACKUP FEEDER B16,Substation Switchboard Spare,0.0,None,150.0,0.0,6600.0,0.0,0.0,0.0,0.0,0.0,0.0,1.0,Excellent (>=0.95),0.0,0.0,0.0,0.0,0.0,OFF_SPARE
Substation 600-30,6.6,Bus B,FDR_600_30_B17,Feeder B17,IOC BUILDING,Institutional Administrative Complex,600.0,XLPE,150.0,0.1236,6600.0,0.0,7.8,7.8,7.8,7.8,0.0,0.95,Excellent (>=0.95),89.17,84.71,27.85,0.0226,0.027,ACTIVE
Substation 600-30,6.6,Bus A,FDR_600_30_A1,Feeder A1,ES JIZ 300 02A S/S 600-38 I/C -1,Industrial Process Supply Incomer 1,554.0,XLPE,150.0,0.1141,6650.0,0.76,116.0,111.0,115.0,114.0,2.63,0.94,Acceptable (0.90-0.94),1313.07,1234.29,447.97,4.4501,0.359,ACTIVE
Substation 600-30,6.6,Bus A,FDR_600_30_A2,Feeder A2,TO 2MVA TR 600-03A AT S/S 600-30,Step-down TR Feeder 600-03A,48.0,XLPE,150.0,0.0099,6660.0,0.91,28.0,28.0,28.0,28.0,0.0,0.98,Excellent (>=0.95),322.99,316.53,64.28,0.0233,0.007,ACTIVE
Substation 600-30,6.6,Bus A,FDR_600_30_A3,Feeder A3,TO 2MVA TR 600-05A AT S/S 600-31,Step-down TR Feeder to S/S 600-31 Bus A,510.0,XLPE,150.0,0.1051,6640.0,0.61,10.0,10.0,10.0,10.0,0.0,0.93,Acceptable (0.90-0.94),115.01,106.96,42.27,0.0315,0.029,ACTIVE
Substation 600-30,6.6,Bus A,FDR_600_30_A4,Feeder A4,TO 2MVA TR 600-06A AT S/S 600-32,Step-down TR Feeder to S/S 600-32 Bus A,500.0,XLPE,150.0,0.103,6700.0,1.52,28.0,28.0,28.0,28.0,0.0,0.97,Excellent (>=0.95),324.93,315.18,79.0,0.2423,0.077,ACTIVE
Substation 600-30,6.6,Bus A,FDR_600_30_A5,Feeder A5,ETRS652 -01A 2MVA TR S/S 600-33,Step-down TR Feeder to S/S 600-33,1011.0,XLPE,150.0,0.2083,6700.0,1.52,25.0,25.0,25.0,25.0,0.0,0.96,Excellent (>=0.95),290.12,278.52,81.22,0.3906,0.14,ACTIVE
Substation 600-30,6.6,Bus A,FDR_600_30_A6,Feeder A6,BUS PT FOR BUS A,Bus Potential Transformer / Metering,10.0,Control Cable,150.0,0.0021,6650.0,0.76,0.0,0.0,0.0,0.0,0.0,1.0,Excellent (>=0.95),0.0,0.0,0.0,0.0,0.0,METERING_PT
Substation 600-30,6.6,Bus A,FDR_600_30_A7,Feeder A7,TO SW BD RS 600-10A AT S/S 600-34,Switchboard Distribution Feeder,1500.0,XLPE,150.0,0.309,6620.0,0.3,70.0,72.0,71.3,71.1,1.55,0.93,Acceptable (0.90-0.94),815.25,758.18,299.66,4.6868,0.614,ACTIVE
Substation 600-30,6.6,Bus A,FDR_600_30_A8,Feeder A8,MAIN INCOMER BUS A,Primary Substation Incomer Bus A,50.0,Heavy Bus Duct,400.0,0.0063,6780.0,2.73,390.0,390.0,390.0,390.0,0.0,0.82,Critical / Penalty (<0.85),4579.89,3755.51,2621.36,2.8747,0.076,ACTIVE_INCOMER
Substation 600-30,6.6,Bus A,FDR_600_30_A9,Feeder A9,MP RS65/MO83A OX SHIP LOADING PUMP,Marine Terminal OX Ship Loading Pump A,300.0,XLPE,150.0,0.0618,6620.0,0.3,0.0,0.0,0.0,0.0,0.0,0.88,Moderate (0.85-0.89),0.0,0.0,0.0,0.0,0.0,OFF_STANDBY
Substation 600-30,6.6,Bus A,FDR_600_30_A10,Feeder A10,GAIL INCOMER 1 HT 201 BUS 1AX,GAIL Gas Pipeline Incomer 1,520.0,XLPE,150.0,0.1071,6650.0,0.76,96.0,96.0,96.0,96.0,0.0,0.94,Acceptable (0.90-0.94),1105.74,1039.4,377.24,2.9611,0.284,ACTIVE
Substation 600-30,6.6,Bus A,FDR_600_30_A11,Feeder A11,O/G TO NEW TRANSFORMER AT 1J PUMP HOUSE,Cooling Water 1J Pump House Transformer,800.0,XLPE,150.0,0.1648,6670.0,1.06,40.0,40.0,40.0,40.0,0.0,0.86,Moderate (0.85-0.89),462.11,397.41,235.82,0.791,0.199,ACTIVE
Substation 600-30,6.6,Bus A,FDR_600_30_A12,Feeder A12,1800-SB 001A CEIL CAIRN INDIA,Upstream Crude Transfer Incomer 1,2100.0,XLPE,150.0,0.4326,6620.0,0.3,8.0,8.0,8.0,8.0,0.0,0.98,Excellent (>=0.95),91.73,89.9,18.23,0.0831,0.092,ACTIVE
Substation 600-30,6.6,Bus A,FDR_600_30_A13,Feeder A13,MP - RW 621 M701C RTF MOTOR,Refinery Tank Farm Vapor Recovery Motor C,1000.0,XLPE,150.0,0.206,6720.0,1.82,26.0,26.0,26.0,26.0,0.0,0.97,Excellent (>=0.95),302.62,293.54,73.57,0.4178,0.142,ACTIVE
Substation 600-30,6.6,Bus A,FDR_600_30_A14,Feeder A14,MP - RW 621 M701A RTF MOTOR,Refinery Tank Farm Vapor Recovery Motor A,1000.0,XLPE,150.0,0.206,6700.0,1.52,27.0,27.0,27.0,27.0,0.0,0.972,Excellent (>=0.95),313.33,304.56,73.61,0.4505,0.148,ACTIVE
Substation 600-30,6.6,Bus A,FDR_600_30_A15,Feeder A15,ES JG 141-803 LC-1 STAFF HOUSING (SEC-2),Township Staff Housing Sector 2,2000.0,XLPE,150.0,0.412,6700.0,1.52,8.0,8.0,8.0,8.0,0.0,0.95,Excellent (>=0.95),92.84,88.2,28.98,0.0791,0.09,ACTIVE
Substation 600-30,6.6,Bus A,FDR_600_30_A16,Feeder A16,ES JG 141-803 LC-1 STAFF HOUSING (SEC-1),Township Staff Housing Sector 1 (Long Run),3600.0,XLPE,150.0,0.7416,6610.0,0.15,17.0,16.0,16.0,16.33,4.1,0.94,Acceptable (0.90-0.94),186.96,175.74,63.79,0.594,0.337,ACTIVE
Substation 600-31,0.415,Bus A,FDR_600_31_1A,Feeder 1A,INCOMER 1 FROM ET RS600-05A,MCC Main Incomer 1 Supply,15.0,Bus Duct,300.0,0.0019,419.0,0.96,460.0,460.0,460.0,460.0,0.0,0.87,Moderate (0.85-0.89),333.84,290.44,164.6,1.2061,0.414,ACTIVE_INCOMER
Substation 600-31,0.415,Bus A,FDR_600_31_3FA,Feeder 3FA,TO 415V MCC SUBSTATION 600-31 EC-RS600-06,Sub-distribution MCC Bus Tie,80.0,XLPE,150.0,0.0165,416.0,0.24,107.0,107.0,107.0,107.0,0.0,0.87,Moderate (0.85-0.89),77.1,67.08,38.01,0.5667,0.838,ACTIVE
Substation 600-31,0.415,Bus A,FDR_600_31_9FA,Feeder 9FA,NAPHTHA RAIL LOADING MP RS652-P007B,Naphtha Rail Tanker Loading Pump Motor,550.0,XLPE,150.0,0.1133,415.0,0.0,215.0,218.0,215.0,216.0,0.93,0.955,Excellent (>=0.95),155.26,148.27,46.06,15.8591,9.663,ACTIVE
Substation 600-31,0.415,Bus A,FDR_600_31_10FB,Feeder 10FB,LPG RAIL LOADING PUMP MP RS652-P006C,Liquefied Petroleum Gas Loading Pump C,350.0,XLPE,150.0,0.0721,410.0,-1.2,148.0,150.0,150.0,149.33,0.89,0.88,Moderate (0.85-0.89),106.05,93.32,50.38,4.8238,4.915,ACTIVE
Substation 600-31,0.415,Bus A,FDR_600_31_10FA,Feeder 10FA,LPG RAIL LOADING PUMP MP RS652-P006B,Liquefied Petroleum Gas Loading Pump B,350.0,XLPE,150.0,0.0721,413.0,-0.48,145.0,146.0,145.7,145.57,0.39,0.89,Moderate (0.85-0.89),104.13,92.68,47.47,4.5834,4.712,ACTIVE
Substation 600-31,0.415,Bus B,FDR_600_31_11FA,Feeder 11FA,LPG RAIL LOADING PUMP,Liquefied Petroleum Gas Loading Pump A,350.0,XLPE,150.0,0.0721,417.0,0.48,146.0,145.0,145.0,145.33,0.46,0.93,Acceptable (0.90-0.94),104.97,97.62,38.59,4.5687,4.471,ACTIVE
Substation 600-31,0.415,Bus B,FDR_600_31_11FB,Feeder 11FB,NAPHTHA RAIL LOADING PUMP,Naphtha Rail Tanker Loading Pump Motor A,500.0,XLPE,150.0,0.103,417.0,0.48,195.0,195.0,195.0,195.0,0.0,0.92,Acceptable (0.90-0.94),140.84,129.57,55.2,11.7497,8.314,ACTIVE
Substation 600-31,0.415,Bus B,FDR_600_31_12FA,Feeder 12FA,LPG RAIL LOADING PUMP,Liquefied Petroleum Gas Loading Pump D,400.0,XLPE,150.0,0.0824,416.0,0.24,148.0,147.0,149.0,148.0,0.68,0.94,Acceptable (0.90-0.94),106.64,100.24,36.39,5.4148,5.125,ACTIVE
Substation 600-31,0.415,Bus B,FDR_600_31_8F,Feeder 8F,INCOMER 2 FROM ET RS600-05A,MCC Main Incomer 2 Supply,15.0,Bus Duct,300.0,0.0019,418.0,0.72,425.0,425.0,425.0,425.0,0.0,0.91,Acceptable (0.90-0.94),307.7,280.01,127.57,1.0296,0.366,ACTIVE_INCOMER
Substation 600-31,0.415,Bus B,FDR_600_31_6FB,Feeder 6FB,415V MCC S/S 600-31 EC RS600-07,Sub-distribution MCC Bus Tie B,80.0,XLPE,150.0,0.0165,416.0,0.24,104.0,104.0,104.0,104.0,0.0,0.97,Excellent (>=0.95),74.94,72.69,18.23,0.5354,0.731,ACTIVE
Substation 600-32,0.415,Bus A,FDR_600_32_1,Feeder 1,MAIN INCOMER BUS A,MCC Main Incomer 1 Supply,15.0,Bus Duct,300.0,0.0019,425.0,2.41,280.0,279.0,279.0,279.33,0.24,0.97,Excellent (>=0.95),205.62,199.45,49.99,0.4448,0.223,ACTIVE_INCOMER
Substation 600-32,0.415,Bus A,FDR_600_32_3FB,Feeder 3FB,415V MCC SUBSTATION 600-32 EC RS 600-11,Sub-distribution MCC Bus Tie,60.0,XLPE,150.0,0.0124,420.0,1.2,47.0,47.0,47.0,47.0,0.0,0.96,Excellent (>=0.95),34.19,32.82,9.58,0.0822,0.25,ACTIVE
Substation 600-32,0.415,Bus A,FDR_600_32_4FA,Feeder 4FA,HSD CHILLER MOTOR,High Speed Diesel Product Chilling Compressor,120.0,XLPE,150.0,0.0247,417.0,0.48,22.0,22.3,22.3,22.2,0.9,0.92,Acceptable (0.90-0.94),16.03,14.75,6.28,0.0365,0.247,ACTIVE
Substation 600-32,0.415,Bus A,FDR_600_32_4FB,Feeder 4FB,415V MCC SUBSTATION 600-32 EC RS 600-09,MCC Process Control Tie,80.0,XLPE,150.0,0.0165,417.0,0.48,40.7,40.0,41.0,40.57,1.4,0.932,Acceptable (0.90-0.94),29.3,27.31,10.61,0.0815,0.298,ACTIVE
Substation 600-32,0.415,Bus A,FDR_600_32_11FB,Feeder 11FB,ATF RAIL LOADING PUMP MP RS 652P005B,Aviation Turbine Fuel Rail Loading Pump B,450.0,XLPE,150.0,0.0927,416.0,0.24,150.0,150.6,150.0,150.2,0.27,0.91,Acceptable (0.90-0.94),108.22,98.48,44.87,6.274,5.989,ACTIVE
Substation 600-32,0.415,Bus A,FDR_600_32_12FA2,Feeder 12FA2,SFD RAIL LOADING PUMP MP RS 652P002A,Super Fast Diesel Rail Loading Pump A,400.0,XLPE,150.0,0.0824,418.0,0.72,143.0,142.8,143.0,142.93,0.09,0.88,Moderate (0.85-0.89),103.48,91.06,49.15,5.0503,5.255,ACTIVE
Substation 600-32,0.415,Bus A,FDR_600_32_12FB2,Feeder 12FB2,SFD RAIL LOADING PUMP MP RS 652P002C,Super Fast Diesel Rail Loading Pump C,400.0,XLPE,150.0,0.0824,418.0,0.72,148.0,148.0,148.0,148.0,0.0,0.904,Acceptable (0.90-0.94),107.15,96.86,45.82,5.4147,5.294,ACTIVE
Substation 600-32,0.415,Bus A,FDR_600_32_12FA1,Feeder 12FA1,ROAD LOADING OIL PUMP 1,Refinery Road Tanker Dispatch Pump 1,300.0,XLPE,150.0,0.0618,415.0,0.0,160.0,160.0,160.0,160.0,0.0,0.92,Acceptable (0.90-0.94),115.01,105.81,45.07,4.7462,4.293,ACTIVE
Substation 600-32,0.415,Bus A,FDR_600_32_12FB1,Feeder 12FB1,ROAD LOADING OIL PUMP 2,Refinery Road Tanker Dispatch Pump 2,300.0,XLPE,150.0,0.0618,415.0,0.0,160.0,160.0,160.0,160.0,0.0,0.92,Acceptable (0.90-0.94),115.01,105.81,45.07,4.7462,4.293,ACTIVE
Substation 600-32,0.415,Bus B,FDR_600_32_11FA_B,Feeder 11FA (Bus B),FUEL OIL ROAD LOADING PUMP MOTOR 1,Heavy Fuel Oil Road Loading Pump 1,320.0,XLPE,150.0,0.0659,416.0,0.24,163.0,163.0,163.0,163.0,0.0,0.9,Acceptable (0.90-0.94),117.45,105.7,51.21,5.2527,4.734,ACTIVE
Substation 600-32,0.415,Bus B,FDR_600_32_11FB_B,Feeder 11FB (Bus B),FUEL OIL ROAD LOADING PUMP MOTOR 2,Heavy Fuel Oil Road Loading Pump 2,320.0,XLPE,150.0,0.0659,416.0,0.24,161.5,161.5,162.0,161.67,0.2,0.91,Acceptable (0.90-0.94),116.49,106.01,48.29,5.1671,4.648,ACTIVE
Substation 600-32,0.415,Bus B,FDR_600_32_13FA,Feeder 13FA,HSD RAIL LOADING PUMP,High Speed Diesel Rail Loading Pump Motor,420.0,XLPE,150.0,0.0865,416.0,0.24,133.9,134.0,133.0,133.63,0.47,0.933,Acceptable (0.90-0.94),96.28,89.83,34.65,4.6342,4.906,ACTIVE
Substation 600-32,0.415,Bus B,FDR_600_32_14FA,Feeder 14FA,ATF RAIL LOADING PUMP MP RS 652 P005A,Aviation Turbine Fuel Rail Loading Pump A,450.0,XLPE,150.0,0.0927,418.0,0.72,148.0,148.0,148.0,148.0,0.0,0.887,Moderate (0.85-0.89),107.15,95.04,49.48,6.0915,6.023,ACTIVE
Substation 600-32,0.415,Bus B,FDR_600_32_14FB,Feeder 14FB,ATF RAIL LOADING PUMP MP RS 652 P005C,Aviation Turbine Fuel Rail Loading Pump C,450.0,XLPE,150.0,0.0927,417.0,0.48,149.0,149.0,149.0,149.0,0.0,0.89,Moderate (0.85-0.89),107.62,95.78,49.07,6.1741,6.056,ACTIVE
Substation 600-32,0.415,Bus B,FDR_600_32_7FB,Feeder 7FB,415V MCC SUBSTATION 600-32 EC RS 600-10,MCC Process Sub-distribution,90.0,XLPE,150.0,0.0185,418.0,0.72,43.0,43.0,43.0,43.0,0.0,0.98,Excellent (>=0.95),31.13,30.51,6.18,0.1026,0.335,ACTIVE
Substation 600-32,0.415,Bus B,FDR_600_32_BFB,Feeder BFB,415V MCC SUBSTATION 600-32 EC RS 600-12,MCC Process Sub-distribution,90.0,XLPE,150.0,0.0185,418.0,0.72,45.0,45.0,45.0,45.0,0.0,0.99,Excellent (>=0.95),32.58,32.25,4.63,0.1124,0.347,ACTIVE
Substation 600-32,0.415,Bus B,FDR_600_32_2,Feeder 2,MAIN INCOMER BUS B,MCC Main Incomer 2 Supply,15.0,Bus Duct,300.0,0.0019,424.0,2.17,280.0,279.0,279.0,279.33,0.24,0.92,Acceptable (0.90-0.94),205.14,188.73,80.4,0.4448,0.235,ACTIVE_INCOMER
